/*
Navicat MySQL Data Transfer

Source Server         : yz_26_3(yzrms)
Source Server Version : 50544
Source Host           : 172.16.100.26:3306
Source Database       : yzrms

Target Server Type    : MYSQL
Target Server Version : 50544
File Encoding         : 65001

Date: 2016-12-19 11:52:01
*/

SET FOREIGN_KEY_CHECKS=0;
-- ----------------------------
-- Table structure for `expense_form`
-- ----------------------------
DROP TABLE IF EXISTS `expense_form`;
CREATE TABLE `expense_form` (
  `expense_id` varchar(64) NOT NULL,
  `project_id` varchar(64) NOT NULL,
  `expense_person_id` varchar(64) NOT NULL,
  `attachment_count` int(11) DEFAULT NULL,
  `expense_time` datetime NOT NULL,
  `state` varchar(16) NOT NULL,
  `pass_state` tinyint(1) NOT NULL DEFAULT '1',
  `delete_state` varchar(16) NOT NULL DEFAULT 'normal',
  `expense_total` double(8,2) NOT NULL,
  `city_traffic` double(8,2) DEFAULT NULL,
  `travel_meals` double(8,2) DEFAULT NULL,
  `books_materials` double(8,2) DEFAULT NULL,
  `travel_allowance` double(8,2) DEFAULT NULL,
  `city_gasoline` double(8,2) DEFAULT NULL,
  `travel_accommodation` double(8,2) DEFAULT NULL,
  `copy_bind` double(8,2) DEFAULT NULL,
  `travel_traffic` double(8,2) DEFAULT NULL,
  `entertain` double(8,2) DEFAULT NULL,
  `space_page` double(8,2) DEFAULT NULL,
  `material` double(8,2) DEFAULT NULL,
  `conferences` double(8,2) DEFAULT NULL,
  `train` double(8,2) DEFAULT NULL,
  `field_operation` double(8,2) DEFAULT NULL,
  `office_supplies` double(8,2) DEFAULT NULL,
  `telephone_bill` double(8,2) DEFAULT NULL,
  `postage` double(8,2) DEFAULT NULL,
  `create_time` datetime NOT NULL,
  `creator` varchar(64) NOT NULL,
  `modify_time` datetime NOT NULL,
  `modifier` varchar(64) NOT NULL,
  `memo` varchar(256) DEFAULT NULL,
  PRIMARY KEY (`expense_id`)
) ENGINE=InnoDB DEFAULT CHARSET=utf8;

-- ----------------------------
-- Records of expense_form
-- ----------------------------
INSERT INTO `expense_form` VALUES ('03afb04f-b304-49f0-9a66-a1c9fd3c2365', '9a8c8890-9e6a-41cd-8b94-9b6081556499', '7457be91-b7f9-47d0-8720-bbed3d2a88cb', '2', '2016-09-12 00:00:00', 'newForm', '1', 'deleted', '300.00', '100.00', '0.00', '100.00', '0.00', '100.00', '0.00', '0.00', '0.00', '0.00', '0.00', '0.00', '0.00', '0.00', '0.00', '0.00', '0.00', '0.00', '2016-09-12 11:09:31', '7457be91-b7f9-47d0-8720-bbed3d2a88cb', '2016-09-12 11:10:49', '上官新建', null);
INSERT INTO `expense_form` VALUES ('03e668c9-93c0-4b81-b41c-a9ef6f44a35a', '10a5296b-61e9-4c5b-9508-832267f9cc4f', '7457be91-b7f9-47d0-8720-bbed3d2a88cb', '0', '2016-09-12 00:00:00', 'waitAuditForPm', '1', 'normal', '820.00', '820.00', '0.00', '0.00', '0.00', '0.00', '0.00', '0.00', '0.00', '0.00', '0.00', '0.00', '0.00', '0.00', '0.00', '0.00', '0.00', '0.00', '2016-09-12 11:55:43', '7457be91-b7f9-47d0-8720-bbed3d2a88cb', '2016-09-12 11:55:43', '7457be91-b7f9-47d0-8720-bbed3d2a88cb', null);
INSERT INTO `expense_form` VALUES ('0442bbe8-2c02-4d52-a867-1ca873aaa4c2', '9aba32e6-e597-4e12-b749-14274bc201e2', 'f32f8975-74b0-4561-a7d7-b03024ba4985', '0', '2016-09-21 00:00:00', 'newForm', '1', 'normal', '100.00', '0.00', '0.00', '0.00', '0.00', '0.00', '0.00', '100.00', '0.00', '0.00', '0.00', '0.00', '0.00', '0.00', '0.00', '0.00', '0.00', '0.00', '2016-09-21 11:51:15', 'f32f8975-74b0-4561-a7d7-b03024ba4985', '2016-09-21 11:51:15', 'f32f8975-74b0-4561-a7d7-b03024ba4985', null);
INSERT INTO `expense_form` VALUES ('069952c9-803b-4432-b871-75e2b1abde0d', '9aba32e6-e597-4e12-b749-14274bc201e2', '0cb0e7e8-f156-4fe8-8219-99de55c1e143', '0', '2016-09-14 00:00:00', 'waitPay', '1', 'normal', '34.00', '34.00', '0.00', '0.00', '0.00', '0.00', '0.00', '0.00', '0.00', '0.00', '0.00', '0.00', '0.00', '0.00', '0.00', '0.00', '0.00', '0.00', '2016-09-14 16:25:51', '0cb0e7e8-f156-4fe8-8219-99de55c1e143', '2016-09-14 16:17:25', '1567f29b-e44f-4849-864e-c108ece088c6', 'fff');
INSERT INTO `expense_form` VALUES ('0794d89a-6dac-46c3-86d9-837b475597bd', '9aba32e6-e597-4e12-b749-14274bc201e2', '1567f29b-e44f-4849-864e-c108ece088c6', '0', '2016-09-18 00:00:00', 'waitAuditForHr', '0', 'normal', '500.00', '500.00', '0.00', '0.00', '0.00', '0.00', '0.00', '0.00', '0.00', '0.00', '0.00', '0.00', '0.00', '0.00', '0.00', '0.00', '0.00', '0.00', '2016-09-18 15:20:58', '1567f29b-e44f-4849-864e-c108ece088c6', '2016-09-18 15:21:55', '1567f29b-e44f-4849-864e-c108ece088c6', '');
INSERT INTO `expense_form` VALUES ('095865d9-eaf0-470a-ac35-6eccd133d336', '9aba32e6-e597-4e12-b749-14274bc201e2', 'f32f8975-74b0-4561-a7d7-b03024ba4985', '0', '2016-09-21 00:00:00', 'newForm', '1', 'normal', '100.00', '0.00', '0.00', '0.00', '0.00', '0.00', '0.00', '0.00', '0.00', '100.00', '0.00', '0.00', '0.00', '0.00', '0.00', '0.00', '0.00', '0.00', '2016-09-21 11:51:34', 'f32f8975-74b0-4561-a7d7-b03024ba4985', '2016-09-21 11:51:34', 'f32f8975-74b0-4561-a7d7-b03024ba4985', null);
INSERT INTO `expense_form` VALUES ('09ed78eb-5d52-4f65-a8fe-8ec831d2567a', 'e2f208ea-ceeb-4959-b2d6-f4378f07b09a', '0cb0e7e8-f156-4fe8-8219-99de55c1e143', '0', '2016-09-21 00:00:00', 'waitAuditForPm', '1', 'normal', '900.00', '0.00', '0.00', '0.00', '0.00', '0.00', '0.00', '0.00', '0.00', '0.00', '0.00', '0.00', '0.00', '0.00', '0.00', '900.00', '0.00', '0.00', '2016-09-21 11:47:13', '0cb0e7e8-f156-4fe8-8219-99de55c1e143', '2016-09-21 11:47:13', '0cb0e7e8-f156-4fe8-8219-99de55c1e143', null);
INSERT INTO `expense_form` VALUES ('09f379cc-5989-4f55-9050-abe5f48bc985', '9aba32e6-e597-4e12-b749-14274bc201e2', '0cb0e7e8-f156-4fe8-8219-99de55c1e143', '0', '2016-09-12 00:00:00', 'waitPay', '1', 'normal', '55.00', '55.00', '0.00', '0.00', '0.00', '0.00', '0.00', '0.00', '0.00', '0.00', '0.00', '0.00', '0.00', '0.00', '0.00', '0.00', '0.00', '0.00', '2016-09-12 14:52:19', '0cb0e7e8-f156-4fe8-8219-99de55c1e143', '2016-09-14 16:30:19', '1567f29b-e44f-4849-864e-c108ece088c6', '和哈哈哈哈哈哈哈哈哈和哈哈哈哈哈哈哈哈哈和哈哈哈哈哈哈哈哈哈和哈哈哈哈哈哈哈哈哈和哈哈哈哈哈哈哈哈哈和哈哈哈哈哈哈哈哈哈和哈哈哈哈哈哈哈哈哈和哈哈哈哈哈哈哈哈哈和哈哈哈哈哈哈哈哈哈和哈哈哈哈哈哈哈哈哈');
INSERT INTO `expense_form` VALUES ('0a3f5070-cb87-498e-9cf8-6ca0bdc6b0be', '9aba32e6-e597-4e12-b749-14274bc201e2', 'f32f8975-74b0-4561-a7d7-b03024ba4985', '8', '2016-09-18 00:00:00', 'paid', '1', 'normal', '88837.00', '200.00', '534.00', '543.00', '543.00', '534.00', '534.00', '543.00', '543.00', '543.00', '654.00', '543.00', '6546.00', '645.00', '75476.00', '65.00', '346.00', '45.00', '2016-09-18 16:13:36', 'f32f8975-74b0-4561-a7d7-b03024ba4985', '2016-09-19 14:58:14', '1567f29b-e44f-4849-864e-c108ece088c6', '');
INSERT INTO `expense_form` VALUES ('0b73d31c-a07c-4797-a65a-c3914de2e322', '9aba32e6-e597-4e12-b749-14274bc201e2', 'f32f8975-74b0-4561-a7d7-b03024ba4985', '0', '2016-09-29 00:00:00', 'paid', '1', 'normal', '10000.00', '5000.00', '0.00', '0.00', '0.00', '0.00', '0.00', '0.00', '0.00', '0.00', '0.00', '0.00', '0.00', '0.00', '0.00', '0.00', '0.00', '5000.00', '2016-09-29 15:04:51', 'f32f8975-74b0-4561-a7d7-b03024ba4985', '2016-09-29 15:08:15', '1567f29b-e44f-4849-864e-c108ece088c6', '');
INSERT INTO `expense_form` VALUES ('0e6dc292-5160-4862-b078-ef29c86c1134', '94d81e33-16f1-4a43-bfd7-29c6300632da', '7457be91-b7f9-47d0-8720-bbed3d2a88cb', '0', '2016-09-12 00:00:00', 'waitAuditForPm', '1', 'normal', '1010.00', '0.00', '0.00', '0.00', '0.00', '0.00', '0.00', '0.00', '0.00', '0.00', '0.00', '0.00', '0.00', '0.00', '0.00', '999.00', '11.00', '0.00', '2016-09-12 11:55:57', '7457be91-b7f9-47d0-8720-bbed3d2a88cb', '2016-09-12 11:55:57', '7457be91-b7f9-47d0-8720-bbed3d2a88cb', null);
INSERT INTO `expense_form` VALUES ('12a4d1f5-9195-4700-9397-372076d768d2', '9aba32e6-e597-4e12-b749-14274bc201e2', '1567f29b-e44f-4849-864e-c108ece088c6', '0', '2016-09-19 00:00:00', 'waitAuditForPm', '0', 'normal', '6436.00', '6436.00', '0.00', '0.00', '0.00', '0.00', '0.00', '0.00', '0.00', '0.00', '0.00', '0.00', '0.00', '0.00', '0.00', '0.00', '0.00', '0.00', '2016-09-19 15:27:50', '1567f29b-e44f-4849-864e-c108ece088c6', '2016-09-19 15:28:00', 'sys', '');
INSERT INTO `expense_form` VALUES ('12eebfd1-0821-4fcd-be67-212d2fabd15d', '7c8d1858-4518-483f-9710-8dd28ad1c475', 'f32f8975-74b0-4561-a7d7-b03024ba4985', '0', '2016-09-19 00:00:00', 'newForm', '1', 'deleted', '223.00', '111.00', '0.00', '1.00', '0.00', '111.00', '0.00', '0.00', '0.00', '0.00', '0.00', '0.00', '0.00', '0.00', '0.00', '0.00', '0.00', '0.00', '2016-09-19 18:18:34', 'f32f8975-74b0-4561-a7d7-b03024ba4985', '2016-09-20 15:52:43', 'f32f8975-74b0-4561-a7d7-b03024ba4985', null);
INSERT INTO `expense_form` VALUES ('141b27c2-4a90-4ba4-b767-20fa00d1247d', '9aba32e6-e597-4e12-b749-14274bc201e2', 'f32f8975-74b0-4561-a7d7-b03024ba4985', '0', '2016-09-12 00:00:00', 'paid', '1', 'normal', '200.00', '100.00', '0.00', '0.00', '0.00', '0.00', '0.00', '0.00', '0.00', '0.00', '0.00', '0.00', '0.00', '0.00', '0.00', '100.00', '0.00', '0.00', '2016-09-12 14:32:24', 'f32f8975-74b0-4561-a7d7-b03024ba4985', '2016-09-12 14:36:01', '0cb0e7e8-f156-4fe8-8219-99de55c1e143', '');
INSERT INTO `expense_form` VALUES ('16039dae-d98f-4347-b4ca-388dcb7f04fe', '9aba32e6-e597-4e12-b749-14274bc201e2', 'b955ad4d-ba33-453c-b457-7a25f7c8a57d', '2', '2016-09-08 00:00:00', 'waitAuditForHr', '1', 'normal', '2001.00', '1000.00', '0.00', '500.00', '0.00', '501.00', '0.00', '0.00', '0.00', '0.00', '0.00', '0.00', '0.00', '0.00', '0.00', '0.00', '0.00', '0.00', '2016-09-08 17:06:27', '张琪', '2016-09-09 16:29:48', '管理员', 'ok');
INSERT INTO `expense_form` VALUES ('165de03a-a7a9-45b6-aba6-82aba1000be3', '9aba32e6-e597-4e12-b749-14274bc201e2', '0cb0e7e8-f156-4fe8-8219-99de55c1e143', '0', '2016-09-29 00:00:00', 'waitPay', '1', 'normal', '600.00', '0.00', '0.00', '0.00', '0.00', '0.00', '0.00', '0.00', '0.00', '0.00', '0.00', '0.00', '0.00', '0.00', '100.00', '500.00', '0.00', '0.00', '2016-09-29 16:05:52', '0cb0e7e8-f156-4fe8-8219-99de55c1e143', '2016-09-29 16:09:04', '1567f29b-e44f-4849-864e-c108ece088c6', '');
INSERT INTO `expense_form` VALUES ('166eaa79-695f-462c-9aa0-e712dbdc1873', '9aba32e6-e597-4e12-b749-14274bc201e2', '173a1ae0-df22-407d-8909-f7396dc661d8', '0', '2016-09-22 00:00:00', 'waitAuditForHr', '1', 'normal', '20000.00', '0.00', '0.00', '0.00', '0.00', '0.00', '0.00', '0.00', '0.00', '0.00', '0.00', '0.00', '0.00', '0.00', '0.00', '20000.00', '0.00', '0.00', '2016-09-22 16:13:37', '173a1ae0-df22-407d-8909-f7396dc661d8', '2016-09-22 16:17:06', 'sys', 'fgdgsgsdgdsgsggsdgsadgsdgsgsdgsdgsgfgdgsgsdgdsgsggsdgsadgsdgsgsdgsdgsgfgdgsgsdgdsgsggsdgsadgsdgsgsdgsdgsgfgdgsgsdgdsgsggsdgsadgsdgsgsdgsdgsgfgdgsgsdgdsgsggsdgsadgsdgsgsdgsdgsgfgdgsgsdgdsgsggsdgsadgsdgsgsdgsdgsgfgdgsgsdgdsgsggsdgsadgsdgsgsdgsdgsgfgdgs');
INSERT INTO `expense_form` VALUES ('18679161-7e7d-49d0-8a92-6f12e2c3476d', '9aba32e6-e597-4e12-b749-14274bc201e2', '1567f29b-e44f-4849-864e-c108ece088c6', '0', '2016-09-12 00:00:00', 'waitPay', '1', 'normal', '200.00', '0.00', '0.00', '0.00', '0.00', '0.00', '0.00', '0.00', '0.00', '0.00', '200.00', '0.00', '0.00', '0.00', '0.00', '0.00', '0.00', '0.00', '2016-09-12 15:51:16', '1567f29b-e44f-4849-864e-c108ece088c6', '2016-09-14 16:17:48', '1567f29b-e44f-4849-864e-c108ece088c6', 'www');
INSERT INTO `expense_form` VALUES ('1f3802eb-70b5-4296-8308-0e5021056f2b', '9aba32e6-e597-4e12-b749-14274bc201e2', '0cb0e7e8-f156-4fe8-8219-99de55c1e143', '0', '2016-09-20 00:00:00', 'waitAuditForPm', '0', 'normal', '888.00', '888.00', '0.00', '0.00', '0.00', '0.00', '0.00', '0.00', '0.00', '0.00', '0.00', '0.00', '0.00', '0.00', '0.00', '0.00', '0.00', '0.00', '2016-09-20 12:24:56', '0cb0e7e8-f156-4fe8-8219-99de55c1e143', '2016-09-20 14:34:51', '0cb0e7e8-f156-4fe8-8219-99de55c1e143', '');
INSERT INTO `expense_form` VALUES ('2026fd3d-c50d-4bb5-b6a1-0bdf7bd219fb', '9aba32e6-e597-4e12-b749-14274bc201e2', '173a1ae0-df22-407d-8909-f7396dc661d8', '0', '2016-09-12 00:00:00', 'waitAuditForPm', '1', 'normal', '100.00', '0.00', '0.00', '0.00', '0.00', '0.00', '0.00', '0.00', '100.00', '0.00', '0.00', '0.00', '0.00', '0.00', '0.00', '0.00', '0.00', '0.00', '2016-09-12 15:40:28', '173a1ae0-df22-407d-8909-f7396dc661d8', '2016-09-12 15:40:28', '173a1ae0-df22-407d-8909-f7396dc661d8', null);
INSERT INTO `expense_form` VALUES ('20c5ed4d-b7ad-48eb-8b03-b2ccc4163deb', '878c830d-9fce-4746-b6c9-5f089144d0b8', 'f32f8975-74b0-4561-a7d7-b03024ba4985', '1', '2016-09-19 00:00:00', 'newForm', '1', 'normal', '111144.00', '11.00', '0.00', '11.00', '0.00', '11.00', '0.00', '111111.00', '0.00', '0.00', '0.00', '0.00', '0.00', '0.00', '0.00', '0.00', '0.00', '0.00', '2016-09-19 18:21:12', 'f32f8975-74b0-4561-a7d7-b03024ba4985', '2016-09-20 15:47:44', 'f32f8975-74b0-4561-a7d7-b03024ba4985', null);
INSERT INTO `expense_form` VALUES ('2839d3cb-a6f1-4fde-850a-a311130a50f5', 'bd549855-dd37-424f-95f7-91c95ed7a62e', '7457be91-b7f9-47d0-8720-bbed3d2a88cb', '0', '2016-09-12 00:00:00', 'waitAuditForPm', '1', 'normal', '14.00', '0.00', '0.00', '5.00', '0.00', '0.00', '8.00', '1.00', '0.00', '0.00', '0.00', '0.00', '0.00', '0.00', '0.00', '0.00', '0.00', '0.00', '2016-09-12 11:56:12', '7457be91-b7f9-47d0-8720-bbed3d2a88cb', '2016-09-12 11:56:12', '7457be91-b7f9-47d0-8720-bbed3d2a88cb', null);
INSERT INTO `expense_form` VALUES ('2884721c-0037-42d2-b029-95d1a60810f5', '9aba32e6-e597-4e12-b749-14274bc201e2', 'f32f8975-74b0-4561-a7d7-b03024ba4985', '0', '2016-09-19 00:00:00', 'waitAuditForHr', '0', 'normal', '432.00', '432.00', '0.00', '0.00', '0.00', '0.00', '0.00', '0.00', '0.00', '0.00', '0.00', '0.00', '0.00', '0.00', '0.00', '0.00', '0.00', '0.00', '2016-09-19 15:28:22', 'f32f8975-74b0-4561-a7d7-b03024ba4985', '2016-09-20 09:56:28', '1567f29b-e44f-4849-864e-c108ece088c6', '一二三四五六七一二三四五六七一二三四五六七一二三四五六七一二三四五六七一二三四五六七一二三四五六七一二三四五六七一二三四五六七一二三四五六七一二三四五六七一二三四五六七一二三四五六七一二三四五六七一二三四五六七一二三四五六七一二三四五六七一二三四五六七一二三四五六七一二三四五六七一二三四五六七一二三四五六七一二三四五六七一二三四五六七一二三四五六七一二三四五六七一二三四五六七一二三四五六七一二三四五六七一二三四五六七一二三四五六七一二三四五六七一二三四五六七一二三四五六七一二三四五六七一二三四五');
INSERT INTO `expense_form` VALUES ('2bc2d9ad-3d56-47f1-9b9e-2c835ff589a0', '9aba32e6-e597-4e12-b749-14274bc201e2', '0cb0e7e8-f156-4fe8-8219-99de55c1e143', '0', '2016-09-22 00:00:00', 'waitAuditForPm', '1', 'normal', '50000.00', '50000.00', '0.00', '0.00', '0.00', '0.00', '0.00', '0.00', '0.00', '0.00', '0.00', '0.00', '0.00', '0.00', '0.00', '0.00', '0.00', '0.00', '2016-09-22 16:13:03', '0cb0e7e8-f156-4fe8-8219-99de55c1e143', '2016-09-22 16:13:03', '0cb0e7e8-f156-4fe8-8219-99de55c1e143', null);
INSERT INTO `expense_form` VALUES ('2cc480f9-334e-4587-9971-b9b880947f84', 'e2f208ea-ceeb-4959-b2d6-f4378f07b09a', 'f32f8975-74b0-4561-a7d7-b03024ba4985', '0', '2016-09-19 00:00:00', 'waitPay', '1', 'normal', '42423.00', '42423.00', '0.00', '0.00', '0.00', '0.00', '0.00', '0.00', '0.00', '0.00', '0.00', '0.00', '0.00', '0.00', '0.00', '0.00', '0.00', '0.00', '2016-09-19 15:52:14', 'f32f8975-74b0-4561-a7d7-b03024ba4985', '2016-09-19 15:52:42', '1567f29b-e44f-4849-864e-c108ece088c6', '');
INSERT INTO `expense_form` VALUES ('2e9336d0-4374-4006-b911-a8797d6af282', '9aba32e6-e597-4e12-b749-14274bc201e2', 'f32f8975-74b0-4561-a7d7-b03024ba4985', '0', '2016-09-21 00:00:00', 'newForm', '1', 'normal', '100.00', '0.00', '0.00', '0.00', '0.00', '0.00', '0.00', '0.00', '0.00', '0.00', '100.00', '0.00', '0.00', '0.00', '0.00', '0.00', '0.00', '0.00', '2016-09-21 11:49:02', 'f32f8975-74b0-4561-a7d7-b03024ba4985', '2016-09-21 11:49:02', 'f32f8975-74b0-4561-a7d7-b03024ba4985', null);
INSERT INTO `expense_form` VALUES ('2eef17fa-4276-4d07-9f33-51851e787170', '9aba32e6-e597-4e12-b749-14274bc201e2', '0cb0e7e8-f156-4fe8-8219-99de55c1e143', '0', '2016-09-12 00:00:00', 'waitPay', '1', 'normal', '80000.00', '0.00', '0.00', '0.00', '0.00', '0.00', '0.00', '0.00', '0.00', '0.00', '0.00', '0.00', '0.00', '0.00', '0.00', '80000.00', '0.00', '0.00', '2016-09-12 15:47:10', '0cb0e7e8-f156-4fe8-8219-99de55c1e143', '2016-09-14 16:24:49', '1567f29b-e44f-4849-864e-c108ece088c6', '和哈哈哈哈哈哈哈哈哈和哈哈哈哈哈哈哈哈哈和哈哈哈哈哈哈哈哈哈和哈哈哈哈哈哈哈哈哈和哈哈哈哈哈哈哈哈哈和哈哈哈哈哈哈哈哈哈和哈哈哈哈哈哈哈哈哈和哈哈哈哈哈哈哈哈哈和哈哈哈哈哈哈哈哈哈和哈哈哈哈哈哈哈哈哈和哈哈哈哈哈哈哈哈哈和哈哈哈哈哈哈哈哈哈和哈哈哈哈哈哈哈哈哈');
INSERT INTO `expense_form` VALUES ('300385ce-b72f-4b9a-8249-682f3251e4b3', 'da67f6e2-0bff-40cd-9c69-69a1c2931251', '1567f29b-e44f-4849-864e-c108ece088c6', '0', '2016-09-09 00:00:00', 'waitAuditForPm', '0', 'normal', '2738.00', '1800.00', '0.00', '7.00', '0.00', '111.00', '0.00', '820.00', '0.00', '0.00', '0.00', '0.00', '0.00', '0.00', '0.00', '0.00', '0.00', '0.00', '2016-09-09 12:06:45', 'sys', '2016-09-13 16:18:30', 'sys', 'wogaide');
INSERT INTO `expense_form` VALUES ('319b8469-2412-4306-8677-07ba66f3fa38', '9789bc82-9876-4207-9b39-83141fb3c713', 'f32f8975-74b0-4561-a7d7-b03024ba4985', '44', '2016-09-12 00:00:00', 'waitAuditForPm', '1', 'normal', '12745.74', '10.00', '432.08', '432.00', '432.00', '423.00', '423.60', '543.00', '432.06', '634.00', '432.00', '5543.00', '423.00', '423.00', '432.00', '543.00', '645.00', '543.00', '2016-09-12 14:44:57', 'f32f8975-74b0-4561-a7d7-b03024ba4985', '2016-09-19 17:25:33', 'f32f8975-74b0-4561-a7d7-b03024ba4985', '');
INSERT INTO `expense_form` VALUES ('333e1c46-58ab-4efa-8ee3-1565be43fb2b', '9aba32e6-e597-4e12-b749-14274bc201e2', '173a1ae0-df22-407d-8909-f7396dc661d8', '0', '2016-09-19 00:00:00', 'waitAuditForPm', '1', 'normal', '543.00', '543.00', '0.00', '0.00', '0.00', '0.00', '0.00', '0.00', '0.00', '0.00', '0.00', '0.00', '0.00', '0.00', '0.00', '0.00', '0.00', '0.00', '2016-09-19 15:28:12', '173a1ae0-df22-407d-8909-f7396dc661d8', '2016-09-19 15:28:12', '173a1ae0-df22-407d-8909-f7396dc661d8', null);
INSERT INTO `expense_form` VALUES ('365c7c91-2dfe-425a-927c-5c81cb4dc755', '9aba32e6-e597-4e12-b749-14274bc201e2', '1567f29b-e44f-4849-864e-c108ece088c6', '0', '2016-09-12 00:00:00', 'waitPay', '1', 'normal', '668768.00', '668768.00', '0.00', '0.00', '0.00', '0.00', '0.00', '0.00', '0.00', '0.00', '0.00', '0.00', '0.00', '0.00', '0.00', '0.00', '0.00', '0.00', '2016-09-12 15:33:58', '1567f29b-e44f-4849-864e-c108ece088c6', '2016-09-14 16:18:02', '1567f29b-e44f-4849-864e-c108ece088c6', 'tht');
INSERT INTO `expense_form` VALUES ('3ce7a8bc-94b1-4eef-83f0-019491dd7cd4', '5cf28bfb-42f6-4dd9-a081-8c168771ff62', 'b955ad4d-ba33-453c-b457-7a25f7c8a57d', '0', '2016-09-09 00:00:00', 'waitAuditForPm', '0', 'normal', '53.00', '44.00', '0.00', '0.00', '0.00', '4.00', '0.00', '5.00', '0.00', '0.00', '0.00', '0.00', '0.00', '0.00', '0.00', '0.00', '0.00', '0.00', '2016-09-09 11:22:08', '张琪', '2016-09-13 15:31:08', '1567f29b-e44f-4849-864e-c108ece088c6', '');
INSERT INTO `expense_form` VALUES ('3e1bff18-d2ab-4c10-85e9-16296ff75167', '405de422-8bf2-4ed3-94f1-c640de49f30c', '7457be91-b7f9-47d0-8720-bbed3d2a88cb', '0', '2016-09-09 00:00:00', 'waitAuditForPm', '1', 'normal', '2996.00', '2755.00', '0.00', '241.00', '0.00', '0.00', '0.00', '0.00', '0.00', '0.00', '0.00', '0.00', '0.00', '0.00', '0.00', '0.00', '0.00', '0.00', '2016-09-09 10:54:00', '上官新建', '2016-09-09 16:28:14', '管理员', 'ojk');
INSERT INTO `expense_form` VALUES ('3fc45a37-2395-4d8c-b47d-2bb1173febc5', '9aba32e6-e597-4e12-b749-14274bc201e2', 'f32f8975-74b0-4561-a7d7-b03024ba4985', '0', '2016-09-21 00:00:00', 'newForm', '1', 'normal', '100.00', '0.00', '0.00', '100.00', '0.00', '0.00', '0.00', '0.00', '0.00', '0.00', '0.00', '0.00', '0.00', '0.00', '0.00', '0.00', '0.00', '0.00', '2016-09-21 11:49:09', 'f32f8975-74b0-4561-a7d7-b03024ba4985', '2016-09-21 11:49:09', 'f32f8975-74b0-4561-a7d7-b03024ba4985', null);
INSERT INTO `expense_form` VALUES ('40279bce-16fb-45ef-b296-354e0aaa015b', 'c49305df-d2a5-445d-b574-c9fd887563be', '173a1ae0-df22-407d-8909-f7396dc661d8', '0', '2016-09-22 00:00:00', 'waitAuditForHr', '1', 'normal', '200.00', '200.00', '0.00', '0.00', '0.00', '0.00', '0.00', '0.00', '0.00', '0.00', '0.00', '0.00', '0.00', '0.00', '0.00', '0.00', '0.00', '0.00', '2016-09-22 15:41:09', '173a1ae0-df22-407d-8909-f7396dc661d8', '2016-09-27 14:56:14', 'sys', '');
INSERT INTO `expense_form` VALUES ('403c033e-2ee3-426d-9054-2de4b24c62a3', '9aba32e6-e597-4e12-b749-14274bc201e2', '0cb0e7e8-f156-4fe8-8219-99de55c1e143', '0', '2016-09-12 00:00:00', 'waitPay', '1', 'normal', '200.00', '0.00', '0.00', '0.00', '0.00', '0.00', '0.00', '200.00', '0.00', '0.00', '0.00', '0.00', '0.00', '0.00', '0.00', '0.00', '0.00', '0.00', '2016-09-12 15:45:33', '0cb0e7e8-f156-4fe8-8219-99de55c1e143', '2016-09-14 16:26:54', '1567f29b-e44f-4849-864e-c108ece088c6', '和哈哈哈哈哈哈哈哈哈和哈哈哈哈哈哈哈哈哈和哈哈哈哈哈哈哈哈哈和哈哈哈哈哈哈哈哈哈和哈哈哈哈哈哈哈哈哈和哈哈哈哈哈哈哈哈哈和哈哈哈哈哈哈哈哈哈和哈哈哈哈哈哈哈哈哈和哈哈哈哈哈哈哈哈哈和哈哈哈哈哈哈哈哈哈和哈哈哈哈哈哈哈哈哈和哈哈哈哈哈哈哈哈哈和哈哈哈哈哈哈哈哈哈和哈哈哈哈哈哈哈哈哈和哈哈哈哈哈哈哈哈哈和哈哈哈哈哈哈哈哈哈和哈哈哈哈哈哈哈哈哈和哈哈哈哈哈哈哈哈哈和哈哈哈哈哈哈哈哈哈和哈哈哈哈哈哈哈哈哈和哈哈哈哈哈哈哈哈哈和哈哈哈哈哈哈哈哈哈和哈哈哈哈哈哈哈哈哈和哈哈哈哈哈哈哈哈哈和哈哈哈哈哈哈哈哈哈和哈哈哈哈哈');
INSERT INTO `expense_form` VALUES ('456466ea-dc0d-4ebb-aa64-660f5ea1591e', '9aba32e6-e597-4e12-b749-14274bc201e2', 'f32f8975-74b0-4561-a7d7-b03024ba4985', '0', '2016-09-21 00:00:00', 'newForm', '1', 'normal', '100.00', '0.00', '0.00', '0.00', '0.00', '0.00', '0.00', '0.00', '0.00', '0.00', '0.00', '0.00', '0.00', '0.00', '0.00', '100.00', '0.00', '0.00', '2016-09-21 11:48:55', 'f32f8975-74b0-4561-a7d7-b03024ba4985', '2016-09-21 11:48:55', 'f32f8975-74b0-4561-a7d7-b03024ba4985', null);
INSERT INTO `expense_form` VALUES ('459e476e-c47b-4f7a-89ff-b26f145ae24c', '9aba32e6-e597-4e12-b749-14274bc201e2', '1567f29b-e44f-4849-864e-c108ece088c6', '0', '2016-09-13 00:00:00', 'waitAuditForPm', '1', 'normal', '88.00', '0.00', '0.00', '88.00', '0.00', '0.00', '0.00', '0.00', '0.00', '0.00', '0.00', '0.00', '0.00', '0.00', '0.00', '0.00', '0.00', '0.00', '2016-09-13 15:20:02', '1567f29b-e44f-4849-864e-c108ece088c6', '2016-09-20 15:07:41', '1567f29b-e44f-4849-864e-c108ece088c6', '');
INSERT INTO `expense_form` VALUES ('467e71d3-3d33-410d-8a38-e51056a7972e', '9aba32e6-e597-4e12-b749-14274bc201e2', 'f32f8975-74b0-4561-a7d7-b03024ba4985', '0', '2016-09-21 00:00:00', 'waitAuditForPm', '1', 'normal', '100.00', '0.00', '100.00', '0.00', '0.00', '0.00', '0.00', '0.00', '0.00', '0.00', '0.00', '0.00', '0.00', '0.00', '0.00', '0.00', '0.00', '0.00', '2016-09-21 11:51:56', 'f32f8975-74b0-4561-a7d7-b03024ba4985', '2016-09-21 16:35:40', 'f32f8975-74b0-4561-a7d7-b03024ba4985', null);
INSERT INTO `expense_form` VALUES ('495784e6-013b-4ebf-978f-562d6e9557bc', '9aba32e6-e597-4e12-b749-14274bc201e2', 'f32f8975-74b0-4561-a7d7-b03024ba4985', '0', '2016-09-09 00:00:00', 'newForm', '1', 'normal', '99.00', '88.00', '0.00', '11.00', '0.00', '0.00', '0.00', '0.00', '0.00', '0.00', '0.00', '0.00', '0.00', '0.00', '0.00', '0.00', '0.00', '0.00', '2016-09-09 17:33:59', 'f32f8975-74b0-4561-a7d7-b03024ba4985', '2016-09-19 17:25:47', 'f32f8975-74b0-4561-a7d7-b03024ba4985', '');
INSERT INTO `expense_form` VALUES ('4aa6430d-d974-4005-94dd-cd5a165bddee', '9aba32e6-e597-4e12-b749-14274bc201e2', 'f32f8975-74b0-4561-a7d7-b03024ba4985', '0', '2016-09-21 00:00:00', 'newForm', '1', 'normal', '100.00', '0.00', '0.00', '0.00', '0.00', '0.00', '100.00', '0.00', '0.00', '0.00', '0.00', '0.00', '0.00', '0.00', '0.00', '0.00', '0.00', '0.00', '2016-09-21 11:51:25', 'f32f8975-74b0-4561-a7d7-b03024ba4985', '2016-09-21 11:51:25', 'f32f8975-74b0-4561-a7d7-b03024ba4985', null);
INSERT INTO `expense_form` VALUES ('52284269-f02b-42d8-9f84-9526cea4c30f', '9aba32e6-e597-4e12-b749-14274bc201e2', '1567f29b-e44f-4849-864e-c108ece088c6', '0', '2016-09-12 00:00:00', 'waitAuditForPm', '1', 'normal', '6676.00', '0.00', '0.00', '0.00', '6676.00', '0.00', '0.00', '0.00', '0.00', '0.00', '0.00', '0.00', '0.00', '0.00', '0.00', '0.00', '0.00', '0.00', '2016-09-12 16:00:14', '1567f29b-e44f-4849-864e-c108ece088c6', '2016-09-12 16:00:14', '1567f29b-e44f-4849-864e-c108ece088c6', null);
INSERT INTO `expense_form` VALUES ('53c35fbd-023d-4f98-bfa2-61721f6f746c', 'aa9ab3f6-a194-418c-ae29-783861600414', 'sys', '3', '2016-09-09 00:00:00', 'waitAuditForPm', '1', 'normal', '500.00', '100.00', '0.00', '100.00', '0.00', '100.00', '0.00', '100.00', '0.00', '100.00', '0.00', '0.00', '0.00', '0.00', '0.00', '0.00', '0.00', '0.00', '2016-09-09 11:02:54', 'sys', '2016-09-09 11:02:54', 'sys', null);
INSERT INTO `expense_form` VALUES ('57b3c3fc-770f-41d9-b099-05bfcc62980b', '9aba32e6-e597-4e12-b749-14274bc201e2', '0cb0e7e8-f156-4fe8-8219-99de55c1e143', '543', '2016-09-19 00:00:00', 'waitAuditForPm', '1', 'normal', '16129.00', '6547.00', '432.00', '543.00', '423.00', '754.00', '765.00', '645.00', '543.00', '643.00', '754.00', '634.00', '745.00', '685.00', '65.00', '754.00', '654.00', '543.00', '2016-09-19 15:00:37', '0cb0e7e8-f156-4fe8-8219-99de55c1e143', '2016-09-20 10:50:55', '0cb0e7e8-f156-4fe8-8219-99de55c1e143', '');
INSERT INTO `expense_form` VALUES ('5969be57-109a-4e91-b183-b8de24b22be2', '9aba32e6-e597-4e12-b749-14274bc201e2', 'f32f8975-74b0-4561-a7d7-b03024ba4985', '0', '2016-09-18 00:00:00', 'waitAuditForPm', '1', 'normal', '453543.00', '453543.00', '0.00', '0.00', '0.00', '0.00', '0.00', '0.00', '0.00', '0.00', '0.00', '0.00', '0.00', '0.00', '0.00', '0.00', '0.00', '0.00', '2016-09-18 16:26:29', 'f32f8975-74b0-4561-a7d7-b03024ba4985', '2016-09-18 16:26:29', 'f32f8975-74b0-4561-a7d7-b03024ba4985', null);
INSERT INTO `expense_form` VALUES ('5f123202-5cf7-4b40-a2f7-b93eb2ba40e1', '9aba32e6-e597-4e12-b749-14274bc201e2', '0cb0e7e8-f156-4fe8-8219-99de55c1e143', '0', '2016-09-12 00:00:00', 'waitPay', '1', 'normal', '11.00', '0.00', '0.00', '0.00', '0.00', '0.00', '0.00', '0.00', '0.00', '0.00', '0.00', '0.00', '0.00', '0.00', '0.00', '11.00', '0.00', '0.00', '2016-09-12 14:57:31', '0cb0e7e8-f156-4fe8-8219-99de55c1e143', '2016-09-14 16:28:26', '1567f29b-e44f-4849-864e-c108ece088c6', 'fgjirjgjirgnkfgnjhdjfkngjfnjh-03490959490-=\';[.;.;\';[;.fjgjsfjknjnjNNjnjnjk vjnjf\n;n[lgpfsokoe[tykgkldlljgiljrigjerp[glfkgoiorgjigkldfkljijroiprt;\'f\n]');
INSERT INTO `expense_form` VALUES ('5fdc4c7f-c540-4832-be9a-d42ada2c6a2d', '9aba32e6-e597-4e12-b749-14274bc201e2', '0cb0e7e8-f156-4fe8-8219-99de55c1e143', '0', '2016-09-13 00:00:00', 'waitAuditForPm', '1', 'normal', '99.00', '99.00', '0.00', '0.00', '0.00', '0.00', '0.00', '0.00', '0.00', '0.00', '0.00', '0.00', '0.00', '0.00', '0.00', '0.00', '0.00', '0.00', '2016-09-13 15:23:57', '0cb0e7e8-f156-4fe8-8219-99de55c1e143', '2016-09-20 10:51:39', '0cb0e7e8-f156-4fe8-8219-99de55c1e143', 'eee');
INSERT INTO `expense_form` VALUES ('60a2b6ae-6cb5-4851-a5d2-d6a62f89a423', '6880cf28-85a5-4444-a249-88d136316aff', '0cb0e7e8-f156-4fe8-8219-99de55c1e143', '0', '2016-09-20 00:00:00', 'waitPay', '1', 'normal', '55.00', '0.00', '0.00', '0.00', '0.00', '0.00', '0.00', '0.00', '0.00', '0.00', '0.00', '0.00', '0.00', '0.00', '0.00', '55.00', '0.00', '0.00', '2016-09-20 14:57:57', '0cb0e7e8-f156-4fe8-8219-99de55c1e143', '2016-09-20 14:58:10', '1567f29b-e44f-4849-864e-c108ece088c6', '');
INSERT INTO `expense_form` VALUES ('616a388e-aa19-48c7-8d92-7332c94beb5f', '9aba32e6-e597-4e12-b749-14274bc201e2', '0cb0e7e8-f156-4fe8-8219-99de55c1e143', '0', '2016-09-22 00:00:00', 'waitAuditForPm', '0', 'normal', '200.00', '200.00', '0.00', '0.00', '0.00', '0.00', '0.00', '0.00', '0.00', '0.00', '0.00', '0.00', '0.00', '0.00', '0.00', '0.00', '0.00', '0.00', '2016-09-22 16:19:54', '0cb0e7e8-f156-4fe8-8219-99de55c1e143', '2016-09-22 16:20:05', '1567f29b-e44f-4849-864e-c108ece088c6', '');
INSERT INTO `expense_form` VALUES ('61ba766c-3b7f-4ed1-9eb4-806a4e97945a', '74ac6bdc-830d-48da-a03c-fa66939d37ba', 'f32f8975-74b0-4561-a7d7-b03024ba4985', '20', '2016-09-22 00:00:00', 'paid', '1', 'normal', '5499.00', '100.00', '432.00', '543.00', '432.00', '432.00', '453.00', '43.00', '45.00', '432.00', '54.00', '543.00', '543.00', '54.00', '543.00', '243.00', '543.00', '64.00', '2016-09-22 15:36:18', 'f32f8975-74b0-4561-a7d7-b03024ba4985', '2016-09-22 15:39:53', '1567f29b-e44f-4849-864e-c108ece088c6', '和规范和法国恢复规划会很烦很烦很烦');
INSERT INTO `expense_form` VALUES ('61d7b351-23cd-4cd3-b84f-93f486aa88fc', 'c49305df-d2a5-445d-b574-c9fd887563be', 'f32f8975-74b0-4561-a7d7-b03024ba4985', '1', '2016-09-19 00:00:00', 'waitAuditForHr', '1', 'normal', '144.00', '11.00', '0.00', '111.00', '0.00', '11.00', '0.00', '11.00', '0.00', '0.00', '0.00', '0.00', '0.00', '0.00', '0.00', '0.00', '0.00', '0.00', '2016-09-19 17:26:01', 'f32f8975-74b0-4561-a7d7-b03024ba4985', '2016-09-21 11:35:45', '173a1ae0-df22-407d-8909-f7396dc661d8', '该公司的归属感是东莞市东莞市管三国杀的根深蒂固该公司的归属感是东莞市东莞市管三国杀的根深蒂固该公司的归属感是东莞市东莞市管三国杀的根深蒂固该公司的归属感是东莞市东莞市管三国杀的根深蒂固该公司的归属感是东莞市东莞市管三国杀的根深蒂固该公司的归属感是东莞市东莞市管三国杀的根深蒂固该公司的归属感是东莞市东莞市管三国杀的根深蒂固该公司的归属感是东莞市东莞市管三国杀的根深蒂固该公司的归属感是东莞市东莞市管三国杀的根深蒂固该公司的归属感是东莞市东莞市管三国杀的根深蒂固该公司的归属感是东莞市东莞市管三国杀的根');
INSERT INTO `expense_form` VALUES ('65528210-211e-4a06-be2e-58b0a978e507', '9aba32e6-e597-4e12-b749-14274bc201e2', 'f32f8975-74b0-4561-a7d7-b03024ba4985', '0', '2016-09-12 00:00:00', 'paid', '1', 'normal', '120.00', '120.00', '0.00', '0.00', '0.00', '0.00', '0.00', '0.00', '0.00', '0.00', '0.00', '0.00', '0.00', '0.00', '0.00', '0.00', '0.00', '0.00', '2016-09-12 14:40:48', 'f32f8975-74b0-4561-a7d7-b03024ba4985', '2016-09-12 14:42:21', '1567f29b-e44f-4849-864e-c108ece088c6', '');
INSERT INTO `expense_form` VALUES ('671e6cd4-77a5-415d-82da-36d3645bfcb0', '9aba32e6-e597-4e12-b749-14274bc201e2', '173a1ae0-df22-407d-8909-f7396dc661d8', '0', '2016-09-18 00:00:00', 'waitAuditForHr', '1', 'normal', '200.00', '100.00', '0.00', '0.00', '0.00', '0.00', '0.00', '0.00', '100.00', '0.00', '0.00', '0.00', '0.00', '0.00', '0.00', '0.00', '0.00', '0.00', '2016-09-18 15:06:12', '173a1ae0-df22-407d-8909-f7396dc661d8', '2016-09-18 15:07:08', 'sys', '');
INSERT INTO `expense_form` VALUES ('6a4a9f65-2d76-4644-965a-c96902860812', '9aba32e6-e597-4e12-b749-14274bc201e2', 'f32f8975-74b0-4561-a7d7-b03024ba4985', '55', '2016-09-21 00:00:00', 'newForm', '1', 'normal', '1211.00', '0.00', '0.00', '0.00', '0.00', '0.00', '0.00', '0.00', '0.00', '0.00', '0.00', '100.00', '0.00', '1111.00', '0.00', '0.00', '0.00', '0.00', '2016-09-21 11:51:50', 'f32f8975-74b0-4561-a7d7-b03024ba4985', '2016-09-29 15:20:50', 'f32f8975-74b0-4561-a7d7-b03024ba4985', null);
INSERT INTO `expense_form` VALUES ('6f1f743a-427b-4d63-bc1c-f86732a011dd', '74ac6bdc-830d-48da-a03c-fa66939d37ba', 'f32f8975-74b0-4561-a7d7-b03024ba4985', '33', '2016-09-12 00:00:00', 'newForm', '1', 'normal', '6000.00', '1000.00', '0.00', '0.00', '0.00', '0.00', '0.00', '0.00', '0.00', '0.00', '0.00', '0.00', '0.00', '0.00', '0.00', '0.00', '5000.00', '0.00', '2016-09-12 14:37:08', 'f32f8975-74b0-4561-a7d7-b03024ba4985', '2016-09-19 18:18:11', 'f32f8975-74b0-4561-a7d7-b03024ba4985', '和哈哈哈哈哈哈哈哈哈和哈哈哈哈哈哈哈哈哈和哈哈哈哈哈哈哈哈哈和哈哈哈哈哈哈哈哈哈和哈哈哈哈哈哈哈哈哈和哈哈哈哈哈哈哈哈哈和哈哈哈哈哈哈哈哈哈和哈哈哈哈哈哈哈哈哈和哈哈哈哈哈哈哈哈哈和哈哈哈哈哈哈哈哈哈');
INSERT INTO `expense_form` VALUES ('6fb0f2d6-8d99-4a24-94be-243a3dcaae90', '9aba32e6-e597-4e12-b749-14274bc201e2', '173a1ae0-df22-407d-8909-f7396dc661d8', '634', '2016-09-19 00:00:00', 'waitPay', '1', 'normal', '63129.00', '654.00', '754.00', '543.00', '4.00', '654.00', '754.00', '435.00', '754.00', '654.00', '654.00', '543.00', '645.00', '53465.00', '654.00', '654.00', '654.00', '654.00', '2016-09-19 14:59:01', '173a1ae0-df22-407d-8909-f7396dc661d8', '2016-09-19 14:59:42', '1567f29b-e44f-4849-864e-c108ece088c6', 'jfjfjfgjfjjjfgjfgjgfjfjfjjfgjfgjfgjf及合法根据法国减肥减肥减肥该减肥减肥减肥减肥该减肥减肥减肥估计方法');
INSERT INTO `expense_form` VALUES ('70b081f2-b53c-4499-a4b4-eaed223d97a4', '9aba32e6-e597-4e12-b749-14274bc201e2', 'f32f8975-74b0-4561-a7d7-b03024ba4985', '0', '2016-09-21 00:00:00', 'newForm', '1', 'normal', '100.00', '0.00', '0.00', '0.00', '0.00', '0.00', '0.00', '0.00', '0.00', '0.00', '0.00', '0.00', '0.00', '0.00', '100.00', '0.00', '0.00', '0.00', '2016-09-21 11:50:51', 'f32f8975-74b0-4561-a7d7-b03024ba4985', '2016-09-21 11:50:51', 'f32f8975-74b0-4561-a7d7-b03024ba4985', null);
INSERT INTO `expense_form` VALUES ('7370f3a6-0bc2-4e3a-8fb1-4017e988edda', '74ac6bdc-830d-48da-a03c-fa66939d37ba', '7457be91-b7f9-47d0-8720-bbed3d2a88cb', '3', '2016-09-09 00:00:00', 'waitAuditForPm', '1', 'normal', '1470.00', '50.00', '0.00', '400.00', '0.00', '500.00', '0.00', '0.00', '0.00', '0.00', '0.00', '0.00', '0.00', '0.00', '0.00', '520.00', '0.00', '0.00', '2016-09-09 10:51:23', '上官新建', '2016-09-09 11:08:34', '管理员', '');
INSERT INTO `expense_form` VALUES ('73be075b-e0a0-4f66-bc2c-c9aeeb672204', '08ffdb8f-cb47-43cc-9839-2ead29440584', '1567f29b-e44f-4849-864e-c108ece088c6', '0', '2016-09-09 00:00:00', 'waitAuditForPm', '1', 'normal', '227.00', '150.00', '0.00', '0.00', '0.00', '55.00', '0.00', '0.00', '0.00', '22.00', '0.00', '0.00', '0.00', '0.00', '0.00', '0.00', '0.00', '0.00', '2016-09-09 12:06:05', '人事行政主管', '2016-09-09 14:29:41', '管理员', 'ff');
INSERT INTO `expense_form` VALUES ('761c2192-e135-4f17-af63-8444cf8f6ba8', '9aba32e6-e597-4e12-b749-14274bc201e2', '173a1ae0-df22-407d-8909-f7396dc661d8', '2', '2016-09-08 00:00:00', 'waitAuditForHr', '1', 'normal', '300.00', '100.00', '0.00', '100.00', '0.00', '100.00', '0.00', '0.00', '0.00', '0.00', '0.00', '0.00', '0.00', '0.00', '0.00', '0.00', '0.00', '0.00', '2016-09-08 17:10:56', '部门主管', '2016-09-14 16:23:59', 'sys', 'dfdsfsdfsdfsdfsdfsdfs');
INSERT INTO `expense_form` VALUES ('78dff499-d14d-4f58-9a09-6ba4d86bad7e', '9aba32e6-e597-4e12-b749-14274bc201e2', '0cb0e7e8-f156-4fe8-8219-99de55c1e143', '0', '2016-09-22 00:00:00', 'newForm', '1', 'normal', '100.00', '0.00', '0.00', '0.00', '0.00', '0.00', '0.00', '0.00', '0.00', '100.00', '0.00', '0.00', '0.00', '0.00', '0.00', '0.00', '0.00', '0.00', '2016-09-22 12:16:34', '0cb0e7e8-f156-4fe8-8219-99de55c1e143', '2016-09-22 12:16:34', '0cb0e7e8-f156-4fe8-8219-99de55c1e143', null);
INSERT INTO `expense_form` VALUES ('79a2c154-9a86-44bb-a1b4-d40cb1d00ec3', '9aba32e6-e597-4e12-b749-14274bc201e2', 'f32f8975-74b0-4561-a7d7-b03024ba4985', '0', '2016-09-21 00:00:00', 'newForm', '1', 'normal', '100.00', '0.00', '0.00', '0.00', '0.00', '0.00', '0.00', '0.00', '0.00', '0.00', '0.00', '0.00', '0.00', '0.00', '0.00', '0.00', '0.00', '100.00', '2016-09-21 11:50:45', 'f32f8975-74b0-4561-a7d7-b03024ba4985', '2016-09-21 11:50:45', 'f32f8975-74b0-4561-a7d7-b03024ba4985', null);
INSERT INTO `expense_form` VALUES ('7a91b96f-eceb-41d9-be29-7bfe2300ea1a', '9aba32e6-e597-4e12-b749-14274bc201e2', '1567f29b-e44f-4849-864e-c108ece088c6', '0', '2016-09-22 00:00:00', 'paid', '1', 'normal', '9000.00', '9000.00', '0.00', '0.00', '0.00', '0.00', '0.00', '0.00', '0.00', '0.00', '0.00', '0.00', '0.00', '0.00', '0.00', '0.00', '0.00', '0.00', '2016-09-22 16:21:57', '1567f29b-e44f-4849-864e-c108ece088c6', '2016-09-22 16:22:30', '1567f29b-e44f-4849-864e-c108ece088c6', '');
INSERT INTO `expense_form` VALUES ('7b6eb567-6711-44f9-871d-6af37d3e87b8', '9aba32e6-e597-4e12-b749-14274bc201e2', '0cb0e7e8-f156-4fe8-8219-99de55c1e143', '0', '2016-09-22 00:00:00', 'newForm', '1', 'normal', '100.00', '0.00', '0.00', '0.00', '0.00', '0.00', '0.00', '0.00', '0.00', '0.00', '0.00', '0.00', '0.00', '100.00', '0.00', '0.00', '0.00', '0.00', '2016-09-22 12:16:50', '0cb0e7e8-f156-4fe8-8219-99de55c1e143', '2016-09-22 12:16:50', '0cb0e7e8-f156-4fe8-8219-99de55c1e143', null);
INSERT INTO `expense_form` VALUES ('7caad375-0fdc-4e89-8dfe-78ceabd6e4ff', 'bd549855-dd37-424f-95f7-91c95ed7a62e', 'sys', '2', '2016-09-09 00:00:00', 'waitAuditForPm', '1', 'normal', '3433.00', '100.00', '0.00', '3333.00', '0.00', '0.00', '0.00', '0.00', '0.00', '0.00', '0.00', '0.00', '0.00', '0.00', '0.00', '0.00', '0.00', '0.00', '2016-09-09 11:45:13', 'sys', '2016-09-18 11:19:51', 'sys', null);
INSERT INTO `expense_form` VALUES ('7e253e8c-abb6-454b-93a4-26e0dc2855cc', '9aba32e6-e597-4e12-b749-14274bc201e2', '173a1ae0-df22-407d-8909-f7396dc661d8', '0', '2016-09-12 00:00:00', 'waitPay', '1', 'normal', '76876.00', '76876.00', '0.00', '0.00', '0.00', '0.00', '0.00', '0.00', '0.00', '0.00', '0.00', '0.00', '0.00', '0.00', '0.00', '0.00', '0.00', '0.00', '2016-09-12 16:00:34', '173a1ae0-df22-407d-8909-f7396dc661d8', '2016-09-14 16:23:57', '1567f29b-e44f-4849-864e-c108ece088c6', '和哈哈哈哈哈哈哈哈哈和哈哈哈哈哈哈哈哈哈和哈哈哈哈哈哈哈哈哈和哈哈哈哈哈哈哈哈哈和哈哈哈哈哈哈哈哈哈和哈哈哈哈哈哈哈哈哈和哈哈哈哈哈哈哈哈哈和哈哈哈哈哈哈哈哈哈和哈哈哈哈哈哈哈哈哈和哈哈哈哈哈哈哈哈哈和哈哈哈哈哈哈哈哈哈和哈哈哈哈哈哈哈哈哈和哈哈哈哈哈哈哈');
INSERT INTO `expense_form` VALUES ('7ee56f29-2a91-471a-a99a-0e8aa67426c2', '878c830d-9fce-4746-b6c9-5f089144d0b8', 'f32f8975-74b0-4561-a7d7-b03024ba4985', '0', '2016-09-13 00:00:00', 'newForm', '1', 'deleted', '342.00', '342.00', '0.00', '0.00', '0.00', '0.00', '0.00', '0.00', '0.00', '0.00', '0.00', '0.00', '0.00', '0.00', '0.00', '0.00', '0.00', '0.00', '2016-09-13 17:08:44', 'f32f8975-74b0-4561-a7d7-b03024ba4985', '2016-09-13 17:08:57', 'f32f8975-74b0-4561-a7d7-b03024ba4985', null);
INSERT INTO `expense_form` VALUES ('83dc3212-df61-4ab8-89bf-1a84b039d5a6', '9aba32e6-e597-4e12-b749-14274bc201e2', 'sys', '0', '2016-09-12 00:00:00', 'waitAuditForPm', '1', 'normal', '11.00', '11.00', '0.00', '0.00', '0.00', '0.00', '0.00', '0.00', '0.00', '0.00', '0.00', '0.00', '0.00', '0.00', '0.00', '0.00', '0.00', '0.00', '2016-09-12 12:15:45', 'sys', '2016-09-13 14:51:29', 'sys', null);
INSERT INTO `expense_form` VALUES ('86aa2f42-8043-4596-894a-e64ff3d5f6af', '9aba32e6-e597-4e12-b749-14274bc201e2', 'f32f8975-74b0-4561-a7d7-b03024ba4985', '0', '2016-09-13 00:00:00', 'paid', '1', 'normal', '2629.00', '547.00', '754.00', '0.00', '0.00', '0.00', '754.00', '0.00', '574.00', '0.00', '0.00', '0.00', '0.00', '0.00', '0.00', '0.00', '0.00', '0.00', '2016-09-13 17:09:31', 'f32f8975-74b0-4561-a7d7-b03024ba4985', '2016-09-13 17:17:52', '1567f29b-e44f-4849-864e-c108ece088c6', '');
INSERT INTO `expense_form` VALUES ('8822c64e-c73a-4aa6-a283-f3ccd655dd7a', 'bd549855-dd37-424f-95f7-91c95ed7a62e', '0cb0e7e8-f156-4fe8-8219-99de55c1e143', '0', '2016-09-09 00:00:00', 'waitAuditForHr', '1', 'normal', '2250.00', '85.00', '0.00', '62.00', '0.00', '45.00', '0.00', '58.00', '0.00', '2000.00', '0.00', '0.00', '0.00', '0.00', '0.00', '0.00', '0.00', '0.00', '2016-09-09 16:13:42', '0cb0e7e8-f156-4fe8-8219-99de55c1e143', '2016-09-12 12:19:45', 'sys', '变');
INSERT INTO `expense_form` VALUES ('8d8fa3aa-46c3-4f02-9071-49370e6aac63', '9aba32e6-e597-4e12-b749-14274bc201e2', '0cb0e7e8-f156-4fe8-8219-99de55c1e143', '0', '2016-09-12 00:00:00', 'waitAuditForCeo', '1', 'normal', '5000.00', '5000.00', '0.00', '0.00', '0.00', '0.00', '0.00', '0.00', '0.00', '0.00', '0.00', '0.00', '0.00', '0.00', '0.00', '0.00', '0.00', '0.00', '2016-09-12 16:03:11', '0cb0e7e8-f156-4fe8-8219-99de55c1e143', '2016-09-12 16:03:19', '1567f29b-e44f-4849-864e-c108ece088c6', '');
INSERT INTO `expense_form` VALUES ('8fade926-8ca1-40c0-b09f-caafdf9fcf05', '9aba32e6-e597-4e12-b749-14274bc201e2', 'f32f8975-74b0-4561-a7d7-b03024ba4985', '0', '2016-09-21 00:00:00', 'newForm', '1', 'normal', '100.00', '0.00', '0.00', '0.00', '0.00', '0.00', '0.00', '0.00', '100.00', '0.00', '0.00', '0.00', '0.00', '0.00', '0.00', '0.00', '0.00', '0.00', '2016-09-21 11:51:43', 'f32f8975-74b0-4561-a7d7-b03024ba4985', '2016-09-21 11:51:43', 'f32f8975-74b0-4561-a7d7-b03024ba4985', null);
INSERT INTO `expense_form` VALUES ('90a77b3c-26fd-4b14-93df-6b7589fbf388', '9aba32e6-e597-4e12-b749-14274bc201e2', 'sys', '0', '2016-09-13 00:00:00', 'waitAuditForPm', '1', 'normal', '12.00', '12.00', '0.00', '0.00', '0.00', '0.00', '0.00', '0.00', '0.00', '0.00', '0.00', '0.00', '0.00', '0.00', '0.00', '0.00', '0.00', '0.00', '2016-09-13 14:51:50', 'sys', '2016-09-13 14:51:50', 'sys', null);
INSERT INTO `expense_form` VALUES ('91ffe0ce-8964-4e8f-99b9-30c77ac087b9', '9aba32e6-e597-4e12-b749-14274bc201e2', 'f32f8975-74b0-4561-a7d7-b03024ba4985', '0', '2016-09-21 00:00:00', 'newForm', '1', 'normal', '100.00', '100.00', '0.00', '0.00', '0.00', '0.00', '0.00', '0.00', '0.00', '0.00', '0.00', '0.00', '0.00', '0.00', '0.00', '0.00', '0.00', '0.00', '2016-09-21 11:48:38', 'f32f8975-74b0-4561-a7d7-b03024ba4985', '2016-09-21 11:48:38', 'f32f8975-74b0-4561-a7d7-b03024ba4985', null);
INSERT INTO `expense_form` VALUES ('93462143-ea8f-4e49-ad11-e3279637f097', '9aba32e6-e597-4e12-b749-14274bc201e2', 'f32f8975-74b0-4561-a7d7-b03024ba4985', '0', '2016-09-12 00:00:00', 'waitPay', '1', 'normal', '3000.00', '1000.00', '0.00', '1000.00', '0.00', '1000.00', '0.00', '0.00', '0.00', '0.00', '0.00', '0.00', '0.00', '0.00', '0.00', '0.00', '0.00', '0.00', '2016-09-12 14:14:14', 'f32f8975-74b0-4561-a7d7-b03024ba4985', '2016-09-14 16:51:24', '1567f29b-e44f-4849-864e-c108ece088c6', '哈嘿哈嘿哈哈哈哈哈哈哈嘿哈嘿哈哈哈哈哈哈哈嘿哈嘿哈哈哈哈哈哈哈嘿哈嘿哈哈哈哈哈哈哈嘿哈嘿哈哈哈哈哈哈哈嘿哈嘿哈哈哈哈哈哈哈嘿哈嘿哈哈哈哈哈哈哈嘿哈嘿哈哈哈哈哈哈哈嘿哈嘿哈哈哈哈哈哈哈嘿哈嘿哈哈哈哈哈哈哈嘿哈嘿哈哈哈哈哈哈哈嘿哈嘿哈哈哈哈哈哈哈嘿哈嘿哈哈哈哈哈哈哈嘿哈嘿哈哈哈哈哈哈哈嘿哈嘿哈哈哈哈哈哈哈嘿哈嘿哈哈哈哈哈哈哈嘿哈嘿哈哈哈哈哈哈哈嘿哈嘿哈哈哈哈哈哈哈嘿哈嘿哈哈哈哈哈哈哈嘿哈嘿哈哈哈哈哈哈哈嘿哈嘿哈哈哈哈哈哈哈嘿哈嘿哈哈哈哈哈哈哈嘿哈嘿哈哈哈哈哈哈哈嘿哈嘿哈哈哈哈哈哈哈嘿哈嘿哈哈哈哈哈哈哈嘿哈嘿哈哈');
INSERT INTO `expense_form` VALUES ('95013ae9-cb2f-438b-9203-0a9e76373553', '5cf28bfb-42f6-4dd9-a081-8c168771ff62', '7457be91-b7f9-47d0-8720-bbed3d2a88cb', '6', '2016-09-09 00:00:00', 'waitAuditForPm', '1', 'normal', '256.00', '45.00', '0.00', '4.00', '0.00', '0.00', '0.00', '0.00', '0.00', '0.00', '25.00', '0.00', '100.00', '0.00', '0.00', '61.00', '21.00', '0.00', '2016-09-09 10:53:45', '上官新建', '2016-09-09 11:00:46', '管理员', 'lalala');
INSERT INTO `expense_form` VALUES ('957d52a0-42a2-41b8-ad21-77ce222474da', '9aba32e6-e597-4e12-b749-14274bc201e2', '0cb0e7e8-f156-4fe8-8219-99de55c1e143', '0', '2016-08-01 00:00:00', 'waitPay', '1', 'normal', '500.00', '0.00', '0.00', '0.00', '0.00', '0.00', '0.00', '0.00', '0.00', '0.00', '0.00', '0.00', '0.00', '0.00', '0.00', '0.00', '0.00', '500.00', '2016-09-20 14:45:30', '0cb0e7e8-f156-4fe8-8219-99de55c1e143', '2016-09-20 14:46:05', '1567f29b-e44f-4849-864e-c108ece088c6', '');
INSERT INTO `expense_form` VALUES ('9a2c7083-8266-4c58-a8bb-34941aaf4421', '9aba32e6-e597-4e12-b749-14274bc201e2', '173a1ae0-df22-407d-8909-f7396dc661d8', '0', '2016-09-19 00:00:00', 'waitPay', '1', 'normal', '193.00', '1.00', '0.00', '11.00', '43.00', '2.00', '0.00', '43.00', '0.00', '3.00', '0.00', '45.00', '0.00', '45.00', '0.00', '0.00', '0.00', '0.00', '2016-09-19 15:55:07', '173a1ae0-df22-407d-8909-f7396dc661d8', '2016-09-19 15:55:39', '0cb0e7e8-f156-4fe8-8219-99de55c1e143', '');
INSERT INTO `expense_form` VALUES ('9a582772-9034-4f07-8b51-abd070f4d8b8', '9aba32e6-e597-4e12-b749-14274bc201e2', '0cb0e7e8-f156-4fe8-8219-99de55c1e143', '0', '2016-09-21 00:00:00', 'newForm', '1', 'normal', '100.00', '0.00', '0.00', '0.00', '0.00', '0.00', '0.00', '0.00', '0.00', '100.00', '0.00', '0.00', '0.00', '0.00', '0.00', '0.00', '0.00', '0.00', '2016-09-21 11:48:05', '0cb0e7e8-f156-4fe8-8219-99de55c1e143', '2016-09-21 11:48:05', '0cb0e7e8-f156-4fe8-8219-99de55c1e143', null);
INSERT INTO `expense_form` VALUES ('9c6acc58-28be-475e-8435-fc4d25956ba5', '9aba32e6-e597-4e12-b749-14274bc201e2', 'sys', '3', '2016-09-09 00:00:00', 'waitAuditForPm', '1', 'deleted', '1637.00', '100.00', '55.00', '55.00', '500.00', '55.00', '44.00', '55.00', '100.00', '55.00', '55.00', '100.00', '200.00', '20.00', '55.00', '100.00', '44.00', '44.00', '2016-09-09 13:42:00', 'sys', '2016-09-09 13:43:25', '管理员', null);
INSERT INTO `expense_form` VALUES ('9da6db0b-6968-452a-95ef-9bac5eabd5d3', '6a73e5a3-aa84-44b9-8a17-b3f0231c9e80', '7457be91-b7f9-47d0-8720-bbed3d2a88cb', '0', '2016-09-12 00:00:00', 'waitAuditForPm', '1', 'normal', '149.00', '0.00', '0.00', '0.00', '0.00', '0.00', '0.00', '69.00', '0.00', '0.00', '0.00', '0.00', '0.00', '0.00', '0.00', '0.00', '80.00', '0.00', '2016-09-12 11:56:25', '7457be91-b7f9-47d0-8720-bbed3d2a88cb', '2016-09-12 11:56:25', '7457be91-b7f9-47d0-8720-bbed3d2a88cb', null);
INSERT INTO `expense_form` VALUES ('9f44ea2a-6d02-4521-b809-4d6d752d90d6', 'bd549855-dd37-424f-95f7-91c95ed7a62e', 'f32f8975-74b0-4561-a7d7-b03024ba4985', '0', '2016-09-19 00:00:00', 'waitPay', '1', 'normal', '17.00', '1.00', '1.00', '1.00', '1.00', '1.00', '1.00', '1.00', '1.00', '1.00', '1.00', '1.00', '1.00', '1.00', '1.00', '1.00', '1.00', '1.00', '2016-09-19 15:53:44', 'f32f8975-74b0-4561-a7d7-b03024ba4985', '2016-09-19 15:54:03', '0cb0e7e8-f156-4fe8-8219-99de55c1e143', '');
INSERT INTO `expense_form` VALUES ('a0be77b8-3573-47aa-ac59-c82d1d8a88c9', '9789bc82-9876-4207-9b39-83141fb3c713', '0cb0e7e8-f156-4fe8-8219-99de55c1e143', '0', '2016-09-09 00:00:00', 'waitAuditForPm', '0', 'normal', '3441.00', '888.00', '0.00', '999.00', '0.00', '666.00', '0.00', '888.00', '0.00', '0.00', '0.00', '0.00', '0.00', '0.00', '0.00', '0.00', '0.00', '0.00', '2016-09-09 16:14:00', '0cb0e7e8-f156-4fe8-8219-99de55c1e143', '2016-09-14 16:00:08', '0cb0e7e8-f156-4fe8-8219-99de55c1e143', '');
INSERT INTO `expense_form` VALUES ('a29b57d2-6cc4-4577-8d76-78abe5e7616f', '5bcef3af-6dd1-4918-b43d-5cf61421f79f', '0cb0e7e8-f156-4fe8-8219-99de55c1e143', '0', '2016-09-12 00:00:00', 'newForm', '1', 'normal', '7.00', '1.00', '0.00', '1.00', '0.00', '1.00', '0.00', '1.00', '0.00', '1.00', '0.00', '1.00', '0.00', '1.00', '0.00', '0.00', '0.00', '0.00', '2016-09-12 14:38:24', '0cb0e7e8-f156-4fe8-8219-99de55c1e143', '2016-09-14 16:07:48', '0cb0e7e8-f156-4fe8-8219-99de55c1e143', '');
INSERT INTO `expense_form` VALUES ('a46ac1e6-6225-44fd-9b32-abec20241959', 'c49305df-d2a5-445d-b574-c9fd887563be', '0cb0e7e8-f156-4fe8-8219-99de55c1e143', '0', '2016-09-20 00:00:00', 'paid', '1', 'normal', '99.00', '99.00', '0.00', '0.00', '0.00', '0.00', '0.00', '0.00', '0.00', '0.00', '0.00', '0.00', '0.00', '0.00', '0.00', '0.00', '0.00', '0.00', '2016-09-20 14:57:03', '0cb0e7e8-f156-4fe8-8219-99de55c1e143', '2016-09-20 14:57:22', '1567f29b-e44f-4849-864e-c108ece088c6', '');
INSERT INTO `expense_form` VALUES ('a6172b33-edd5-42ae-b9cf-2141c0a1a8c3', '9aba32e6-e597-4e12-b749-14274bc201e2', 'f32f8975-74b0-4561-a7d7-b03024ba4985', '1', '2016-09-09 00:00:00', 'waitAuditForHr', '1', 'normal', '153.00', '1.00', '15.00', '4.00', '17.00', '7.00', '11.00', '10.00', '13.00', '12.00', '3.00', '14.00', '6.00', '16.00', '9.00', '2.00', '5.00', '8.00', '2016-09-09 10:07:43', '胡琴', '2016-09-12 12:25:17', '173a1ae0-df22-407d-8909-f7396dc661d8', '重新试一次');
INSERT INTO `expense_form` VALUES ('a63a216d-e936-404d-b0c2-b7eeb0ed6846', '9aba32e6-e597-4e12-b749-14274bc201e2', 'f32f8975-74b0-4561-a7d7-b03024ba4985', '0', '2016-09-21 00:00:00', 'newForm', '1', 'deleted', '100.00', '0.00', '0.00', '0.00', '0.00', '0.00', '0.00', '0.00', '0.00', '0.00', '0.00', '0.00', '0.00', '100.00', '0.00', '0.00', '0.00', '0.00', '2016-09-21 11:52:03', 'f32f8975-74b0-4561-a7d7-b03024ba4985', '2016-09-21 16:35:30', 'f32f8975-74b0-4561-a7d7-b03024ba4985', null);
INSERT INTO `expense_form` VALUES ('a6721b22-c635-41ec-813b-25cf4f11ffa6', '405de422-8bf2-4ed3-94f1-c640de49f30c', 'f32f8975-74b0-4561-a7d7-b03024ba4985', '12', '2016-09-09 00:00:00', 'newForm', '1', 'normal', '500.00', '500.00', '0.00', '0.00', '0.00', '0.00', '0.00', '0.00', '0.00', '0.00', '0.00', '0.00', '0.00', '0.00', '0.00', '0.00', '0.00', '0.00', '2016-09-09 17:14:39', 'f32f8975-74b0-4561-a7d7-b03024ba4985', '2016-09-18 16:47:35', 'f32f8975-74b0-4561-a7d7-b03024ba4985', null);
INSERT INTO `expense_form` VALUES ('abb44019-f382-414a-90fa-71e9ef344da3', '9aba32e6-e597-4e12-b749-14274bc201e2', '0cb0e7e8-f156-4fe8-8219-99de55c1e143', '0', '2016-09-20 00:00:00', 'waitAuditForPm', '1', 'normal', '999999.00', '999999.00', '0.00', '0.00', '0.00', '0.00', '0.00', '0.00', '0.00', '0.00', '0.00', '0.00', '0.00', '0.00', '0.00', '0.00', '0.00', '0.00', '2016-09-20 10:53:58', '0cb0e7e8-f156-4fe8-8219-99de55c1e143', '2016-09-20 12:24:43', '0cb0e7e8-f156-4fe8-8219-99de55c1e143', null);
INSERT INTO `expense_form` VALUES ('ac07cb3f-efa9-4bb5-a14b-7892b663daeb', '9aba32e6-e597-4e12-b749-14274bc201e2', 'sys', '4', '2016-09-09 00:00:00', 'paid', '1', 'normal', '4444.00', '4444.00', '0.00', '0.00', '0.00', '0.00', '0.00', '0.00', '0.00', '0.00', '0.00', '0.00', '0.00', '0.00', '0.00', '0.00', '0.00', '0.00', '2016-09-09 13:43:35', 'sys', '2016-09-09 13:43:35', 'sys', null);
INSERT INTO `expense_form` VALUES ('adca1961-4804-4bb8-86bc-7a20c5c27d5c', '9aba32e6-e597-4e12-b749-14274bc201e2', 'sys', '5', '2016-09-09 00:00:00', 'waitAuditForPm', '1', 'normal', '555.00', '555.00', '0.00', '0.00', '0.00', '0.00', '0.00', '0.00', '0.00', '0.00', '0.00', '0.00', '0.00', '0.00', '0.00', '0.00', '0.00', '0.00', '2016-09-09 13:43:42', 'sys', '2016-09-12 10:58:15', 'sys', null);
INSERT INTO `expense_form` VALUES ('b907625e-03c6-4f89-afa2-b8a630b77d81', '9aba32e6-e597-4e12-b749-14274bc201e2', '1567f29b-e44f-4849-864e-c108ece088c6', '0', '2016-09-12 00:00:00', 'paid', '1', 'normal', '2222.00', '2222.00', '0.00', '0.00', '0.00', '0.00', '0.00', '0.00', '0.00', '0.00', '0.00', '0.00', '0.00', '0.00', '0.00', '0.00', '0.00', '0.00', '2016-09-12 14:47:01', '1567f29b-e44f-4849-864e-c108ece088c6', '2016-09-12 14:51:39', '1567f29b-e44f-4849-864e-c108ece088c6', '');
INSERT INTO `expense_form` VALUES ('b96f23be-ed68-4947-ae26-073e152b4182', '9aba32e6-e597-4e12-b749-14274bc201e2', '173a1ae0-df22-407d-8909-f7396dc661d8', '0', '2016-09-12 00:00:00', 'waitPay', '1', 'normal', '8788.00', '8788.00', '0.00', '0.00', '0.00', '0.00', '0.00', '0.00', '0.00', '0.00', '0.00', '0.00', '0.00', '0.00', '0.00', '0.00', '0.00', '0.00', '2016-09-12 16:03:55', '173a1ae0-df22-407d-8909-f7396dc661d8', '2016-09-14 16:27:43', '0cb0e7e8-f156-4fe8-8219-99de55c1e143', 'hhdfdfhhdfhhfdhhhdfdfhhdfhhfdhhhdfdfhhdfhhfdhhhdfdfhhdfhhfdhhhdfdfhhdfhhfdhhhdfdfhhdfhhfdhhhdfdfhhdfhhfdhhhdfdfhhdfhhfdhhhdfdfhhdfhhfdhhhdfdfhhdfhhfdhhhdfdfhhdfhhfdhhhdfdfhhdfhhfdhhhdfdfhhdfhhfdhhhdfdfhhdfhhfdhhhdfdfhhdfhhfdh');
INSERT INTO `expense_form` VALUES ('b9e60815-3153-439b-bcf0-6804df29b0e6', '9aba32e6-e597-4e12-b749-14274bc201e2', '173a1ae0-df22-407d-8909-f7396dc661d8', '0', '2016-09-09 00:00:00', 'newForm', '1', 'normal', '99.00', '99.00', '0.00', '0.00', '0.00', '0.00', '0.00', '0.00', '0.00', '0.00', '0.00', '0.00', '0.00', '0.00', '0.00', '0.00', '0.00', '0.00', '2016-09-09 17:39:35', '173a1ae0-df22-407d-8909-f7396dc661d8', '2016-09-09 17:39:35', '173a1ae0-df22-407d-8909-f7396dc661d8', null);
INSERT INTO `expense_form` VALUES ('ba83bfcb-6e9f-45b6-b538-e153f3ef2e2d', '9aba32e6-e597-4e12-b749-14274bc201e2', '1567f29b-e44f-4849-864e-c108ece088c6', '0', '2016-09-12 00:00:00', 'waitAuditForHr', '0', 'normal', '85965.00', '0.00', '0.00', '0.00', '0.00', '0.00', '0.00', '0.00', '0.00', '0.00', '0.00', '0.00', '0.00', '0.00', '0.00', '0.00', '0.00', '85965.00', '2016-09-12 15:52:41', '1567f29b-e44f-4849-864e-c108ece088c6', '2016-09-14 16:24:12', '1567f29b-e44f-4849-864e-c108ece088c6', '和哈哈哈哈哈哈哈哈哈和哈哈哈哈哈哈哈哈哈和哈哈哈哈哈哈哈哈哈和哈哈哈哈哈哈哈哈哈和哈哈哈哈哈哈哈哈哈和哈哈哈哈哈哈哈哈哈和哈哈哈哈哈哈哈哈哈和哈哈哈哈哈哈哈哈哈和哈哈哈哈哈哈哈哈哈和哈哈哈哈哈哈哈哈哈和哈哈哈哈哈哈哈哈哈和哈哈哈哈哈哈哈哈哈和哈哈哈哈哈哈哈');
INSERT INTO `expense_form` VALUES ('bdaf86e6-fe26-4484-be72-d423b3ee7d6f', '9aba32e6-e597-4e12-b749-14274bc201e2', '0cb0e7e8-f156-4fe8-8219-99de55c1e143', '0', '2016-09-22 00:00:00', 'waitAuditForHr', '1', 'normal', '200.00', '0.00', '0.00', '0.00', '0.00', '0.00', '0.00', '0.00', '0.00', '0.00', '0.00', '0.00', '0.00', '0.00', '0.00', '200.00', '0.00', '0.00', '2016-09-22 16:20:39', '0cb0e7e8-f156-4fe8-8219-99de55c1e143', '2016-09-22 16:20:45', '1567f29b-e44f-4849-864e-c108ece088c6', '');
INSERT INTO `expense_form` VALUES ('c4c5ce58-9d3a-4446-823e-90765b3df2da', '405de422-8bf2-4ed3-94f1-c640de49f30c', 'f32f8975-74b0-4561-a7d7-b03024ba4985', '0', '2016-09-12 00:00:00', 'newForm', '1', 'normal', '133.00', '100.00', '0.00', '11.00', '0.00', '11.00', '0.00', '11.00', '0.00', '0.00', '0.00', '0.00', '0.00', '0.00', '0.00', '0.00', '0.00', '0.00', '2016-09-12 14:43:37', 'f32f8975-74b0-4561-a7d7-b03024ba4985', '2016-09-19 18:15:17', 'f32f8975-74b0-4561-a7d7-b03024ba4985', '');
INSERT INTO `expense_form` VALUES ('c51816ff-886f-45c1-bddf-4c9ce362da55', '9aba32e6-e597-4e12-b749-14274bc201e2', '1567f29b-e44f-4849-864e-c108ece088c6', '0', '2016-09-12 00:00:00', 'waitAuditForHr', '0', 'normal', '555.00', '0.00', '0.00', '0.00', '0.00', '0.00', '0.00', '0.00', '0.00', '0.00', '0.00', '0.00', '0.00', '0.00', '0.00', '0.00', '555.00', '0.00', '2016-09-12 15:36:11', '1567f29b-e44f-4849-864e-c108ece088c6', '2016-09-14 16:27:07', '1567f29b-e44f-4849-864e-c108ece088c6', '和哈哈哈哈哈哈哈哈哈和哈哈哈哈哈哈哈哈哈和哈哈哈哈哈哈哈哈哈和哈哈哈哈哈哈哈哈哈和哈哈哈哈哈哈哈哈哈和哈哈哈哈哈哈哈哈哈和哈哈哈哈哈哈哈哈哈和哈哈哈哈哈哈哈哈哈和哈哈哈哈哈哈哈哈哈和哈哈哈哈哈哈哈哈哈和哈哈哈哈哈哈哈哈哈和哈哈哈哈哈哈哈哈哈和哈哈哈哈哈哈哈哈哈和哈哈哈哈哈哈哈哈哈和哈哈哈哈哈哈哈哈哈和哈哈哈哈哈哈哈哈哈和哈哈哈哈哈哈哈哈哈和哈哈哈哈哈哈哈哈哈和哈哈哈哈哈哈哈哈哈和哈哈哈哈哈哈哈哈哈和哈哈哈哈哈哈哈哈哈和哈哈哈哈哈哈哈哈哈和哈哈哈哈哈哈哈哈哈和哈哈哈哈哈哈哈哈哈和哈哈哈哈哈哈哈哈哈和哈哈哈哈哈');
INSERT INTO `expense_form` VALUES ('c579c810-2c4e-420b-9e08-2c4d0e129971', '9aba32e6-e597-4e12-b749-14274bc201e2', 'f32f8975-74b0-4561-a7d7-b03024ba4985', '0', '2016-09-18 00:00:00', 'paid', '1', 'normal', '6400.00', '5000.00', '600.00', '0.00', '0.00', '0.00', '0.00', '0.00', '800.00', '0.00', '0.00', '0.00', '0.00', '0.00', '0.00', '0.00', '0.00', '0.00', '2016-09-18 14:52:04', 'f32f8975-74b0-4561-a7d7-b03024ba4985', '2016-09-18 15:00:25', '1567f29b-e44f-4849-864e-c108ece088c6', '');
INSERT INTO `expense_form` VALUES ('c7dbd84e-4c52-4c86-839a-620819620983', '9aba32e6-e597-4e12-b749-14274bc201e2', 'f32f8975-74b0-4561-a7d7-b03024ba4985', '0', '2016-09-21 00:00:00', 'newForm', '1', 'normal', '100.00', '0.00', '0.00', '0.00', '0.00', '0.00', '0.00', '0.00', '0.00', '0.00', '0.00', '0.00', '100.00', '0.00', '0.00', '0.00', '0.00', '0.00', '2016-09-21 11:49:57', 'f32f8975-74b0-4561-a7d7-b03024ba4985', '2016-09-21 11:49:57', 'f32f8975-74b0-4561-a7d7-b03024ba4985', null);
INSERT INTO `expense_form` VALUES ('c8b0e8bb-48fa-4144-becf-a95f4208a68a', '9aba32e6-e597-4e12-b749-14274bc201e2', '173a1ae0-df22-407d-8909-f7396dc661d8', '0', '2016-09-12 00:00:00', 'waitPay', '1', 'normal', '50000.00', '50000.00', '0.00', '0.00', '0.00', '0.00', '0.00', '0.00', '0.00', '0.00', '0.00', '0.00', '0.00', '0.00', '0.00', '0.00', '0.00', '0.00', '2016-09-12 15:44:34', '173a1ae0-df22-407d-8909-f7396dc661d8', '2016-09-12 15:45:08', '1567f29b-e44f-4849-864e-c108ece088c6', '');
INSERT INTO `expense_form` VALUES ('c953568d-1164-4b6f-99f0-19d70611459b', '9aba32e6-e597-4e12-b749-14274bc201e2', '1567f29b-e44f-4849-864e-c108ece088c6', '0', '2016-09-12 00:00:00', 'waitAuditForPm', '1', 'normal', '663.00', '0.00', '0.00', '0.00', '0.00', '0.00', '0.00', '0.00', '0.00', '0.00', '0.00', '0.00', '0.00', '0.00', '0.00', '663.00', '0.00', '0.00', '2016-09-12 15:53:12', '1567f29b-e44f-4849-864e-c108ece088c6', '2016-09-12 15:53:32', '1567f29b-e44f-4849-864e-c108ece088c6', null);
INSERT INTO `expense_form` VALUES ('cabf7f48-d26b-45d2-8019-c79434a9a22c', '9aba32e6-e597-4e12-b749-14274bc201e2', 'sys', '0', '2016-09-12 00:00:00', 'newForm', '1', 'normal', '666.00', '0.00', '0.00', '0.00', '0.00', '0.00', '0.00', '0.00', '0.00', '0.00', '0.00', '0.00', '0.00', '0.00', '0.00', '0.00', '0.00', '666.00', '2016-09-12 15:39:49', 'sys', '2016-09-14 15:58:32', 'sys', null);
INSERT INTO `expense_form` VALUES ('caf49ae0-c91d-4c3c-a66e-faf9a43f3b7c', '9aba32e6-e597-4e12-b749-14274bc201e2', 'f32f8975-74b0-4561-a7d7-b03024ba4985', '0', '2016-09-12 00:00:00', 'waitPay', '1', 'normal', '5000.00', '5000.00', '0.00', '0.00', '0.00', '0.00', '0.00', '0.00', '0.00', '0.00', '0.00', '0.00', '0.00', '0.00', '0.00', '0.00', '0.00', '0.00', '2016-09-12 14:42:40', 'f32f8975-74b0-4561-a7d7-b03024ba4985', '2016-09-12 14:43:20', '1567f29b-e44f-4849-864e-c108ece088c6', '');
INSERT INTO `expense_form` VALUES ('cbdcd904-f229-408a-a4c5-317d9192c192', '9aba32e6-e597-4e12-b749-14274bc201e2', '0cb0e7e8-f156-4fe8-8219-99de55c1e143', '0', '2016-09-18 00:00:00', 'waitPay', '1', 'normal', '222.00', '200.00', '0.00', '0.00', '0.00', '0.00', '0.00', '0.00', '22.00', '0.00', '0.00', '0.00', '0.00', '0.00', '0.00', '0.00', '0.00', '0.00', '2016-09-18 15:15:00', '0cb0e7e8-f156-4fe8-8219-99de55c1e143', '2016-09-18 15:16:09', '0cb0e7e8-f156-4fe8-8219-99de55c1e143', '');
INSERT INTO `expense_form` VALUES ('cf41ce60-fdff-48d5-a5cd-8be04929419d', '19b38081-e14d-453e-bdb9-6b04168807c5', '0cb0e7e8-f156-4fe8-8219-99de55c1e143', '0', '2016-09-27 00:00:00', 'waitAuditForPm', '1', 'normal', '200.00', '200.00', '0.00', '0.00', '0.00', '0.00', '0.00', '0.00', '0.00', '0.00', '0.00', '0.00', '0.00', '0.00', '0.00', '0.00', '0.00', '0.00', '2016-09-27 14:52:12', '0cb0e7e8-f156-4fe8-8219-99de55c1e143', '2016-09-27 14:52:12', '0cb0e7e8-f156-4fe8-8219-99de55c1e143', null);
INSERT INTO `expense_form` VALUES ('cfa127dc-5b31-4ac1-a04e-003874557fdc', '9aba32e6-e597-4e12-b749-14274bc201e2', 'f32f8975-74b0-4561-a7d7-b03024ba4985', '0', '2016-09-21 00:00:00', 'newForm', '1', 'normal', '100.00', '0.00', '0.00', '0.00', '0.00', '100.00', '0.00', '0.00', '0.00', '0.00', '0.00', '0.00', '0.00', '0.00', '0.00', '0.00', '0.00', '0.00', '2016-09-21 11:50:32', 'f32f8975-74b0-4561-a7d7-b03024ba4985', '2016-09-21 11:50:32', 'f32f8975-74b0-4561-a7d7-b03024ba4985', null);
INSERT INTO `expense_form` VALUES ('d0500802-f006-4e47-9513-f870dfae8250', '9aba32e6-e597-4e12-b749-14274bc201e2', '0cb0e7e8-f156-4fe8-8219-99de55c1e143', '0', '2016-09-18 00:00:00', 'waitAuditForCeo', '1', 'normal', '8888.00', '8888.00', '0.00', '0.00', '0.00', '0.00', '0.00', '0.00', '0.00', '0.00', '0.00', '0.00', '0.00', '0.00', '0.00', '0.00', '0.00', '0.00', '2016-09-18 15:16:37', '0cb0e7e8-f156-4fe8-8219-99de55c1e143', '2016-09-18 15:20:40', '1567f29b-e44f-4849-864e-c108ece088c6', '');
INSERT INTO `expense_form` VALUES ('d396371a-703d-4f03-8e4a-fc0359b67884', '9aba32e6-e597-4e12-b749-14274bc201e2', '0cb0e7e8-f156-4fe8-8219-99de55c1e143', '0', '2016-09-12 00:00:00', 'paid', '1', 'normal', '66.00', '0.00', '0.00', '0.00', '0.00', '0.00', '0.00', '0.00', '0.00', '0.00', '0.00', '0.00', '0.00', '0.00', '0.00', '66.00', '0.00', '0.00', '2016-09-12 15:17:46', '0cb0e7e8-f156-4fe8-8219-99de55c1e143', '2016-09-13 10:30:47', '0cb0e7e8-f156-4fe8-8219-99de55c1e143', '');
INSERT INTO `expense_form` VALUES ('d5a12fa6-3783-4d75-b679-6a7d7ebcf0eb', '9aba32e6-e597-4e12-b749-14274bc201e2', 'f32f8975-74b0-4561-a7d7-b03024ba4985', '0', '2016-09-18 00:00:00', 'waitAuditForHr', '1', 'normal', '520.00', '0.00', '0.00', '0.00', '0.00', '0.00', '220.00', '0.00', '0.00', '0.00', '0.00', '0.00', '0.00', '0.00', '100.00', '200.00', '0.00', '0.00', '2016-09-18 14:48:45', 'f32f8975-74b0-4561-a7d7-b03024ba4985', '2016-09-18 14:51:23', '173a1ae0-df22-407d-8909-f7396dc661d8', '');
INSERT INTO `expense_form` VALUES ('d7ef7da2-0bd9-491e-9bae-037b6a937137', '5cf28bfb-42f6-4dd9-a081-8c168771ff62', '0cb0e7e8-f156-4fe8-8219-99de55c1e143', '0', '2016-09-20 00:00:00', 'paid', '1', 'normal', '500.00', '0.00', '0.00', '0.00', '0.00', '0.00', '0.00', '0.00', '0.00', '0.00', '500.00', '0.00', '0.00', '0.00', '0.00', '0.00', '0.00', '0.00', '2016-09-20 14:58:35', '0cb0e7e8-f156-4fe8-8219-99de55c1e143', '2016-09-22 16:17:29', '1567f29b-e44f-4849-864e-c108ece088c6', '');
INSERT INTO `expense_form` VALUES ('e1d85c68-5075-4667-91a4-c800c13ec28e', '9aba32e6-e597-4e12-b749-14274bc201e2', '0cb0e7e8-f156-4fe8-8219-99de55c1e143', '0', '2016-09-18 00:00:00', 'waitAuditForHr', '1', 'normal', '999.00', '999.00', '0.00', '0.00', '0.00', '0.00', '0.00', '0.00', '0.00', '0.00', '0.00', '0.00', '0.00', '0.00', '0.00', '0.00', '0.00', '0.00', '2016-09-18 15:16:25', '0cb0e7e8-f156-4fe8-8219-99de55c1e143', '2016-09-20 09:56:00', '1567f29b-e44f-4849-864e-c108ece088c6', '一二三四五六七八九十一二三四五六七八九十一二三四五六七八九十一二三四五六七八九十一二三四五六七八九十一二三四五六七八九十一二三四五六七八九十一二三四五六七八九十一二三四五六七八九十一二三四五六七八九十一二三四五六七八九十一二三四五六七八九十一二三四五六七八九十一二三四五六七八九十一二三四五六七八九十一二三四五六七八九十一二三四五六七八九十一二三四五六七八九十一二三四五六七八九十一二三四五六七八九十一二三四五六七八九十一二三四五六七八九十一二三四五六七八九十一二三四五六七八九十一二三四五六七十八啊');
INSERT INTO `expense_form` VALUES ('e2857d0d-25a4-4470-ad5e-f988cb3cd094', '9aba32e6-e597-4e12-b749-14274bc201e2', 'sys', '0', '2016-09-12 00:00:00', 'newForm', '1', 'normal', '100.00', '100.00', '0.00', '0.00', '0.00', '0.00', '0.00', '0.00', '0.00', '0.00', '0.00', '0.00', '0.00', '0.00', '0.00', '0.00', '0.00', '0.00', '2016-09-12 11:59:19', 'sys', '2016-09-13 14:51:09', 'sys', null);
INSERT INTO `expense_form` VALUES ('e2cf427b-06e1-4635-a2c1-7da527f0e5a9', '9aba32e6-e597-4e12-b749-14274bc201e2', 'f32f8975-74b0-4561-a7d7-b03024ba4985', '6', '2016-09-09 00:00:00', 'waitAuditForPm', '0', 'normal', '1100.00', '0.00', '0.00', '0.00', '0.00', '0.00', '0.00', '0.00', '0.00', '0.00', '0.00', '0.00', '0.00', '0.00', '600.00', '0.00', '500.00', '0.00', '2016-09-09 17:30:47', 'f32f8975-74b0-4561-a7d7-b03024ba4985', '2016-09-09 17:43:33', '部门主管', '');
INSERT INTO `expense_form` VALUES ('e3809718-5578-46f4-8a32-7173b4c36386', '9aba32e6-e597-4e12-b749-14274bc201e2', '0cb0e7e8-f156-4fe8-8219-99de55c1e143', '0', '2016-09-19 00:00:00', 'waitAuditForPm', '1', 'normal', '634.00', '634.00', '0.00', '0.00', '0.00', '0.00', '0.00', '0.00', '0.00', '0.00', '0.00', '0.00', '0.00', '0.00', '0.00', '0.00', '0.00', '0.00', '2016-09-19 15:02:35', '0cb0e7e8-f156-4fe8-8219-99de55c1e143', '2016-09-20 10:43:43', '0cb0e7e8-f156-4fe8-8219-99de55c1e143', '');
INSERT INTO `expense_form` VALUES ('e4d0e43e-0e29-48bb-9e61-8f4da9c6e557', '9aba32e6-e597-4e12-b749-14274bc201e2', 'f32f8975-74b0-4561-a7d7-b03024ba4985', '0', '2016-09-18 00:00:00', 'waitAuditForPm', '1', 'normal', '5435.00', '5435.00', '0.00', '0.00', '0.00', '0.00', '0.00', '0.00', '0.00', '0.00', '0.00', '0.00', '0.00', '0.00', '0.00', '0.00', '0.00', '0.00', '2016-09-18 16:15:48', 'f32f8975-74b0-4561-a7d7-b03024ba4985', '2016-09-18 16:15:53', 'f32f8975-74b0-4561-a7d7-b03024ba4985', null);
INSERT INTO `expense_form` VALUES ('e4ec2392-c72c-41d3-ae7a-3b1795c0e6fd', '9aba32e6-e597-4e12-b749-14274bc201e2', '0cb0e7e8-f156-4fe8-8219-99de55c1e143', '0', '2016-09-21 00:00:00', 'newForm', '1', 'normal', '900.00', '0.00', '0.00', '0.00', '0.00', '0.00', '0.00', '0.00', '0.00', '900.00', '0.00', '0.00', '0.00', '0.00', '0.00', '0.00', '0.00', '0.00', '2016-09-21 11:47:29', '0cb0e7e8-f156-4fe8-8219-99de55c1e143', '2016-09-21 11:47:29', '0cb0e7e8-f156-4fe8-8219-99de55c1e143', null);
INSERT INTO `expense_form` VALUES ('e582f576-8698-48da-b31d-23327fd0bfc8', '9aba32e6-e597-4e12-b749-14274bc201e2', '173a1ae0-df22-407d-8909-f7396dc661d8', '0', '2016-09-09 00:00:00', 'paid', '1', 'normal', '800.00', '800.00', '0.00', '0.00', '0.00', '0.00', '0.00', '0.00', '0.00', '0.00', '0.00', '0.00', '0.00', '0.00', '0.00', '0.00', '0.00', '0.00', '2016-09-09 17:39:05', '173a1ae0-df22-407d-8909-f7396dc661d8', '2016-09-12 12:25:39', '1567f29b-e44f-4849-864e-c108ece088c6', '');
INSERT INTO `expense_form` VALUES ('e7ff74d2-2804-4baa-ba00-4d2118c53274', '9aba32e6-e597-4e12-b749-14274bc201e2', '173a1ae0-df22-407d-8909-f7396dc661d8', '0', '2016-09-22 00:00:00', 'paid', '1', 'normal', '100.00', '100.00', '0.00', '0.00', '0.00', '0.00', '0.00', '0.00', '0.00', '0.00', '0.00', '0.00', '0.00', '0.00', '0.00', '0.00', '0.00', '0.00', '2016-09-22 15:47:24', '173a1ae0-df22-407d-8909-f7396dc661d8', '2016-09-22 16:12:51', '1567f29b-e44f-4849-864e-c108ece088c6', '');
INSERT INTO `expense_form` VALUES ('e907e538-054f-4d47-b92f-c8041383353e', '9aba32e6-e597-4e12-b749-14274bc201e2', '173a1ae0-df22-407d-8909-f7396dc661d8', '0', '2016-09-29 00:00:00', 'waitPay', '1', 'normal', '200.00', '200.00', '0.00', '0.00', '0.00', '0.00', '0.00', '0.00', '0.00', '0.00', '0.00', '0.00', '0.00', '0.00', '0.00', '0.00', '0.00', '0.00', '2016-09-29 16:03:38', '173a1ae0-df22-407d-8909-f7396dc661d8', '2016-09-29 16:04:46', '1567f29b-e44f-4849-864e-c108ece088c6', '');
INSERT INTO `expense_form` VALUES ('eaa25e29-54b2-4cd9-b964-fde7cab66a68', '9aba32e6-e597-4e12-b749-14274bc201e2', 'f32f8975-74b0-4561-a7d7-b03024ba4985', '0', '2016-09-21 00:00:00', 'newForm', '1', 'normal', '100.00', '0.00', '0.00', '0.00', '0.00', '0.00', '0.00', '0.00', '0.00', '0.00', '0.00', '0.00', '0.00', '0.00', '0.00', '0.00', '100.00', '0.00', '2016-09-21 11:49:51', 'f32f8975-74b0-4561-a7d7-b03024ba4985', '2016-09-21 11:49:51', 'f32f8975-74b0-4561-a7d7-b03024ba4985', null);
INSERT INTO `expense_form` VALUES ('ead3f67f-ce4e-46ff-a6e4-c7b080f43a32', '9aba32e6-e597-4e12-b749-14274bc201e2', 'b955ad4d-ba33-453c-b457-7a25f7c8a57d', '1', '2016-09-08 00:00:00', 'waitAuditForHr', '1', 'normal', '340.00', '12.00', '26.00', '15.00', '28.00', '18.00', '22.00', '21.00', '24.00', '23.00', '14.00', '25.00', '17.00', '27.00', '20.00', '13.00', '16.00', '19.00', '2016-09-08 17:17:30', '张琪', '2016-09-14 16:16:55', '1567f29b-e44f-4849-864e-c108ece088c6', 'yyy');
INSERT INTO `expense_form` VALUES ('ec2d0f53-6ddf-4e27-814a-d83336892e4b', 'e2f208ea-ceeb-4959-b2d6-f4378f07b09a', '0cb0e7e8-f156-4fe8-8219-99de55c1e143', '0', '2016-09-20 00:00:00', 'paid', '1', 'normal', '900.00', '0.00', '0.00', '0.00', '0.00', '0.00', '0.00', '0.00', '0.00', '900.00', '0.00', '0.00', '0.00', '0.00', '0.00', '0.00', '0.00', '0.00', '2016-09-20 14:59:21', '0cb0e7e8-f156-4fe8-8219-99de55c1e143', '2016-09-21 16:55:58', '1567f29b-e44f-4849-864e-c108ece088c6', '');
INSERT INTO `expense_form` VALUES ('ed89280f-4996-4c93-9334-98311495db9e', '7090517e-363c-4811-8211-b612d6da23b3', 'f32f8975-74b0-4561-a7d7-b03024ba4985', '1', '2016-09-09 00:00:00', 'waitAuditForPm', '1', 'normal', '4110.00', '10.00', '0.00', '4000.00', '0.00', '100.00', '0.00', '0.00', '0.00', '0.00', '0.00', '0.00', '0.00', '0.00', '0.00', '0.00', '0.00', '0.00', '2016-09-09 10:56:19', '胡琴', '2016-09-18 16:47:57', 'f32f8975-74b0-4561-a7d7-b03024ba4985', '哈嘿哈嘿哈哈哈哈哈哈哈嘿哈嘿哈哈哈哈哈哈哈嘿哈嘿哈哈哈哈哈哈哈嘿哈嘿哈哈哈哈哈哈哈嘿哈嘿哈哈哈哈哈哈哈嘿哈嘿哈哈哈哈哈哈哈嘿哈嘿哈哈哈哈哈哈哈嘿哈嘿哈哈哈哈哈哈哈嘿哈嘿哈哈哈哈哈哈哈嘿哈嘿哈哈哈哈哈哈哈嘿哈嘿哈哈哈哈哈哈哈嘿哈嘿哈哈哈哈哈哈哈嘿哈嘿哈哈哈哈哈哈哈嘿哈嘿哈哈哈哈哈哈哈嘿哈嘿哈哈哈哈哈哈哈嘿哈嘿哈哈哈哈哈哈哈嘿哈嘿哈哈哈哈哈哈哈嘿哈嘿哈哈哈哈哈哈哈嘿哈嘿哈哈哈哈哈哈哈嘿哈嘿哈哈哈哈哈哈哈嘿哈嘿哈哈哈哈哈哈哈嘿哈嘿哈哈哈哈哈哈哈嘿哈嘿哈哈哈哈哈哈哈嘿哈嘿哈哈哈哈哈哈哈嘿哈嘿哈哈哈哈哈哈哈嘿哈嘿哈哈');
INSERT INTO `expense_form` VALUES ('edf99fcc-61a9-4f6d-96db-3c78fdd581c6', '9aba32e6-e597-4e12-b749-14274bc201e2', '173a1ae0-df22-407d-8909-f7396dc661d8', '0', '2016-09-18 00:00:00', 'waitAuditForPm', '1', 'normal', '5020.00', '0.00', '0.00', '5000.00', '0.00', '0.00', '20.00', '0.00', '0.00', '0.00', '0.00', '0.00', '0.00', '0.00', '0.00', '0.00', '0.00', '0.00', '2016-09-18 15:07:19', '173a1ae0-df22-407d-8909-f7396dc661d8', '2016-09-18 15:08:14', '173a1ae0-df22-407d-8909-f7396dc661d8', '');
INSERT INTO `expense_form` VALUES ('ef5f18c9-a067-4c3a-8026-acc2dcb55b69', '9aba32e6-e597-4e12-b749-14274bc201e2', 'sys', '0', '2016-09-12 00:00:00', 'waitAuditForPm', '1', 'deleted', '100.00', '0.00', '0.00', '0.00', '100.00', '0.00', '0.00', '0.00', '0.00', '0.00', '0.00', '0.00', '0.00', '0.00', '0.00', '0.00', '0.00', '0.00', '2016-09-12 12:00:06', 'sys', '2016-09-12 12:00:14', 'sys', null);
INSERT INTO `expense_form` VALUES ('ef63dcc8-1dae-43a2-ad01-2b4b01c2c94c', '9aba32e6-e597-4e12-b749-14274bc201e2', '0cb0e7e8-f156-4fe8-8219-99de55c1e143', '0', '2016-09-12 00:00:00', 'newForm', '1', 'normal', '200.00', '200.00', '0.00', '0.00', '0.00', '0.00', '0.00', '0.00', '0.00', '0.00', '0.00', '0.00', '0.00', '0.00', '0.00', '0.00', '0.00', '0.00', '2016-09-12 11:30:16', '0cb0e7e8-f156-4fe8-8219-99de55c1e143', '2016-09-12 11:30:16', '0cb0e7e8-f156-4fe8-8219-99de55c1e143', null);
INSERT INTO `expense_form` VALUES ('ef916a14-3c77-464b-b34c-49eb09e195dc', '8903275c-1146-4ec3-9e70-e993531a0d30', 'sys', '2', '2016-09-12 00:00:00', 'newForm', '1', 'deleted', '555.00', '555.00', '0.00', '0.00', '0.00', '0.00', '0.00', '0.00', '0.00', '0.00', '0.00', '0.00', '0.00', '0.00', '0.00', '0.00', '0.00', '0.00', '2016-09-12 10:53:50', 'sys', '2016-09-12 10:55:25', 'sys', null);
INSERT INTO `expense_form` VALUES ('eff062d9-ff9d-4311-a1c5-51a3e549c815', '9aba32e6-e597-4e12-b749-14274bc201e2', 'f32f8975-74b0-4561-a7d7-b03024ba4985', '0', '2016-09-22 00:00:00', 'paid', '1', 'normal', '320.00', '320.00', '0.00', '0.00', '0.00', '0.00', '0.00', '0.00', '0.00', '0.00', '0.00', '0.00', '0.00', '0.00', '0.00', '0.00', '0.00', '0.00', '2016-09-22 15:40:09', 'f32f8975-74b0-4561-a7d7-b03024ba4985', '2016-09-22 15:40:35', '0cb0e7e8-f156-4fe8-8219-99de55c1e143', '');
INSERT INTO `expense_form` VALUES ('f1b3ed45-1511-482d-9685-0cd630b09b2e', '9aba32e6-e597-4e12-b749-14274bc201e2', 'f32f8975-74b0-4561-a7d7-b03024ba4985', '0', '2016-09-21 00:00:00', 'newForm', '1', 'deleted', '100.00', '0.00', '0.00', '0.00', '100.00', '0.00', '0.00', '0.00', '0.00', '0.00', '0.00', '0.00', '0.00', '0.00', '0.00', '0.00', '0.00', '0.00', '2016-09-21 11:52:08', 'f32f8975-74b0-4561-a7d7-b03024ba4985', '2016-09-21 16:35:35', 'f32f8975-74b0-4561-a7d7-b03024ba4985', null);
INSERT INTO `expense_form` VALUES ('f991a7bb-e052-4f18-b3f2-4ac4d9fea758', '5cf28bfb-42f6-4dd9-a081-8c168771ff62', 'cdad0f46-61ac-490a-affd-c82b12900baa', '1', '2016-09-08 00:00:00', 'waitAuditForPm', '1', 'normal', '289.00', '1.00', '151.00', '4.00', '17.00', '7.00', '11.00', '10.00', '13.00', '12.00', '3.00', '14.00', '6.00', '16.00', '9.00', '2.00', '5.00', '8.00', '2016-09-08 17:07:47', '赵洪坤', '2016-09-08 17:07:47', 'cdad0f46-61ac-490a-affd-c82b12900baa', null);
INSERT INTO `expense_form` VALUES ('fa817836-4119-4d50-827d-fc0517123aea', '9aba32e6-e597-4e12-b749-14274bc201e2', '173a1ae0-df22-407d-8909-f7396dc661d8', '0', '2016-09-22 00:00:00', 'waitAuditForPm', '0', 'normal', '200.00', '0.00', '0.00', '0.00', '0.00', '0.00', '0.00', '0.00', '0.00', '0.00', '0.00', '0.00', '0.00', '0.00', '0.00', '200.00', '0.00', '0.00', '2016-09-22 15:43:25', '173a1ae0-df22-407d-8909-f7396dc661d8', '2016-09-26 15:26:24', 'sys', '');
INSERT INTO `expense_form` VALUES ('fae4762d-026a-4faa-8ed8-62dc34cdd84c', '9aba32e6-e597-4e12-b749-14274bc201e2', 'f32f8975-74b0-4561-a7d7-b03024ba4985', '0', '2016-08-09 00:00:00', 'newForm', '1', 'normal', '100.00', '100.00', '0.00', '0.00', '0.00', '0.00', '0.00', '0.00', '0.00', '0.00', '0.00', '0.00', '0.00', '0.00', '0.00', '0.00', '0.00', '0.00', '2016-09-12 12:48:06', 'f32f8975-74b0-4561-a7d7-b03024ba4985', '2016-09-12 15:28:38', 'f32f8975-74b0-4561-a7d7-b03024ba4985', '');
INSERT INTO `expense_form` VALUES ('fe3616bf-1bd1-4bee-b860-0e38387672be', '9aba32e6-e597-4e12-b749-14274bc201e2', 'sys', '0', '2016-09-13 00:00:00', 'newForm', '1', 'normal', '23.00', '12.00', '0.00', '11.00', '0.00', '0.00', '0.00', '0.00', '0.00', '0.00', '0.00', '0.00', '0.00', '0.00', '0.00', '0.00', '0.00', '0.00', '2016-09-13 14:39:50', 'sys', '2016-09-13 14:41:05', 'sys', null);

-- ----------------------------
-- Table structure for `member`
-- ----------------------------
DROP TABLE IF EXISTS `member`;
CREATE TABLE `member` (
  `member_id` varchar(64) NOT NULL,
  `team_id` varchar(64) NOT NULL,
  `leader` tinyint(1) NOT NULL DEFAULT '0',
  PRIMARY KEY (`member_id`,`team_id`)
) ENGINE=InnoDB DEFAULT CHARSET=utf8;

-- ----------------------------
-- Records of member
-- ----------------------------
INSERT INTO `member` VALUES ('04f03d40-afa5-44b8-8b15-781e9e18f81e', 'f886c4ae-0bc9-4909-9ef2-60fde5565dba', '0');
INSERT INTO `member` VALUES ('0cb0e7e8-f156-4fe8-8219-99de55c1e143', '778a1a63-a967-488c-ad7c-9180b36e9bcd', '0');
INSERT INTO `member` VALUES ('137ed0bb-a1b4-49b1-93e4-dbd115c9b13b', '0b31c9d8-68f9-4cfb-bbc5-e3a2858e8caa', '1');
INSERT INTO `member` VALUES ('1567f29b-e44f-4849-864e-c108ece088c6', '778a1a63-a967-488c-ad7c-9180b36e9bcd', '1');
INSERT INTO `member` VALUES ('173a1ae0-df22-407d-8909-f7396dc661d8', 'f886c4ae-0bc9-4909-9ef2-60fde5565dba', '1');
INSERT INTO `member` VALUES ('1a17fd1c-2bc1-41ff-ad9c-693ae6cbc489', 'f886c4ae-0bc9-4909-9ef2-60fde5565dba', '0');
INSERT INTO `member` VALUES ('1cf7d8d9-159b-4df7-8c6f-ff34b2ba33b1', 'f886c4ae-0bc9-4909-9ef2-60fde5565dba', '0');
INSERT INTO `member` VALUES ('28c86382-167c-44ac-a905-b80eed821c87', 'd8a3457c-2522-4342-9c68-d458abcc90e6', '0');
INSERT INTO `member` VALUES ('2d5375c9-f488-4c0b-8798-66463a437705', 'f886c4ae-0bc9-4909-9ef2-60fde5565dba', '0');
INSERT INTO `member` VALUES ('2df2b000-8217-450f-aa4c-a3a989e86aa9', 'e0cb603a-96f2-4a38-b0ca-2c99d2d2bfad', '0');
INSERT INTO `member` VALUES ('3057fa6f-e5d7-46f4-b33e-aaba4bc3d617', '79eb7d95-f43e-4fae-9e59-d75c52d6a7bd', '0');
INSERT INTO `member` VALUES ('36da438a-440a-4d23-a9b3-b92e9da496b7', 'e2be1860-517c-4362-8162-8dee45976946', '0');
INSERT INTO `member` VALUES ('3e4e88b7-b314-4660-a34a-ac95cf8068f0', 'e0cb603a-96f2-4a38-b0ca-2c99d2d2bfad', '0');
INSERT INTO `member` VALUES ('402cc2d3-b3a0-4508-8419-e18051dd79f0', '79eb7d95-f43e-4fae-9e59-d75c52d6a7bd', '0');
INSERT INTO `member` VALUES ('45d8b359-06c3-4d0f-844d-8df444623e22', 'f886c4ae-0bc9-4909-9ef2-60fde5565dba', '0');
INSERT INTO `member` VALUES ('476d1e28-fd96-41fb-8c2a-e40275e97d4b', 'd8a3457c-2522-4342-9c68-d458abcc90e6', '0');
INSERT INTO `member` VALUES ('4b06055c-7a1f-4295-b1cd-49fd8fa45088', 'e0cb603a-96f2-4a38-b0ca-2c99d2d2bfad', '1');
INSERT INTO `member` VALUES ('5235b043-6d53-4005-83ab-028c9d77fcaa', '0b31c9d8-68f9-4cfb-bbc5-e3a2858e8caa', '0');
INSERT INTO `member` VALUES ('52a087a9-8824-41cd-9248-fc7896816614', 'e0cb603a-96f2-4a38-b0ca-2c99d2d2bfad', '0');
INSERT INTO `member` VALUES ('534ee8b1-fd8c-4087-93e7-932a81c1b128', '5b2dcfd6-d949-4245-ab35-3b06651bd128', '0');
INSERT INTO `member` VALUES ('5b76518f-2c10-4cc8-bf1c-55262a9cb3c1', 'f886c4ae-0bc9-4909-9ef2-60fde5565dba', '0');
INSERT INTO `member` VALUES ('5e7fdddb-cf88-46e6-862d-1ffb94e76cea', 'd8a3457c-2522-4342-9c68-d458abcc90e6', '1');
INSERT INTO `member` VALUES ('642e3685-a9d1-4ffb-b216-edcfd6c8ee3b', '0b31c9d8-68f9-4cfb-bbc5-e3a2858e8caa', '0');
INSERT INTO `member` VALUES ('66097385-d888-45e8-80ce-ab7503e3ac05', '0b31c9d8-68f9-4cfb-bbc5-e3a2858e8caa', '0');
INSERT INTO `member` VALUES ('6dfd2afd-82d3-4f1e-9dd1-25c57feb77af', '0b31c9d8-68f9-4cfb-bbc5-e3a2858e8caa', '0');
INSERT INTO `member` VALUES ('6e070dc1-aa87-4d1f-a56a-7f1ef8da0218', '79eb7d95-f43e-4fae-9e59-d75c52d6a7bd', '1');
INSERT INTO `member` VALUES ('7457be91-b7f9-47d0-8720-bbed3d2a88cb', 'f886c4ae-0bc9-4909-9ef2-60fde5565dba', '0');
INSERT INTO `member` VALUES ('8dbb8937-454c-4afd-aabb-97254287ce15', 'd8a3457c-2522-4342-9c68-d458abcc90e6', '0');
INSERT INTO `member` VALUES ('929009b2-2ee5-4a31-8392-aadee28443fb', '778a1a63-a967-488c-ad7c-9180b36e9bcd', '0');
INSERT INTO `member` VALUES ('939782bc-d024-45c7-98c3-fa98d1fcfd5a', 'f886c4ae-0bc9-4909-9ef2-60fde5565dba', '0');
INSERT INTO `member` VALUES ('9a476763-96a9-44d8-a4c2-9f4a682aa24b', 'd8a3457c-2522-4342-9c68-d458abcc90e6', '1');
INSERT INTO `member` VALUES ('a1d225d5-2704-416d-88ca-def0f50e0b44', 'e2be1860-517c-4362-8162-8dee45976946', '0');
INSERT INTO `member` VALUES ('a2cd3780-0169-4c2c-b324-8501e7b57608', '79eb7d95-f43e-4fae-9e59-d75c52d6a7bd', '0');
INSERT INTO `member` VALUES ('b0216c52-f3e3-42fb-b59f-4414860e2c39', 'f886c4ae-0bc9-4909-9ef2-60fde5565dba', '1');
INSERT INTO `member` VALUES ('b04df9f4-7bf3-4004-8212-2041652e581f', '79eb7d95-f43e-4fae-9e59-d75c52d6a7bd', '0');
INSERT INTO `member` VALUES ('b25674f1-c2d2-49af-bc7d-1c8165525c91', '79eb7d95-f43e-4fae-9e59-d75c52d6a7bd', '0');
INSERT INTO `member` VALUES ('b8449be3-e7d5-4e00-bd79-123fc788cc21', 'e2be1860-517c-4362-8162-8dee45976946', '1');
INSERT INTO `member` VALUES ('b955ad4d-ba33-453c-b457-7a25f7c8a57d', 'e0cb603a-96f2-4a38-b0ca-2c99d2d2bfad', '0');
INSERT INTO `member` VALUES ('be158a57-0b29-4911-bc31-cc5cb0cbc887', '778a1a63-a967-488c-ad7c-9180b36e9bcd', '1');
INSERT INTO `member` VALUES ('be63974f-f41e-469a-9361-f5273393d93c', 'e0cb603a-96f2-4a38-b0ca-2c99d2d2bfad', '0');
INSERT INTO `member` VALUES ('bfe221f2-9a71-45c0-8e29-359c14e3f699', '0b31c9d8-68f9-4cfb-bbc5-e3a2858e8caa', '0');
INSERT INTO `member` VALUES ('c4aca1fa-7b9d-4bfe-ae2b-a710a19453a6', 'f886c4ae-0bc9-4909-9ef2-60fde5565dba', '1');
INSERT INTO `member` VALUES ('c6e7ce29-0651-4322-aba2-3fa64e8614f7', 'e2be1860-517c-4362-8162-8dee45976946', '0');
INSERT INTO `member` VALUES ('c748ab56-6ac5-48d2-9493-798cf09120f2', 'f886c4ae-0bc9-4909-9ef2-60fde5565dba', '0');
INSERT INTO `member` VALUES ('ca8a2767-c9d2-4772-9f7b-61d0d1fde0d9', 'e2be1860-517c-4362-8162-8dee45976946', '0');
INSERT INTO `member` VALUES ('cdad0f46-61ac-490a-affd-c82b12900baa', '0b31c9d8-68f9-4cfb-bbc5-e3a2858e8caa', '0');
INSERT INTO `member` VALUES ('e2fe79d9-baf1-4da4-a761-b663efff009d', 'f886c4ae-0bc9-4909-9ef2-60fde5565dba', '0');
INSERT INTO `member` VALUES ('f32f8975-74b0-4561-a7d7-b03024ba4985', 'f886c4ae-0bc9-4909-9ef2-60fde5565dba', '0');
INSERT INTO `member` VALUES ('fab289d4-f549-4583-a0b0-33a9d8ea03c4', 'e2be1860-517c-4362-8162-8dee45976946', '0');
INSERT INTO `member` VALUES ('fbc67ba5-2ed8-4c90-9c25-b787c2482737', 'd8a3457c-2522-4342-9c68-d458abcc90e6', '0');

-- ----------------------------
-- Table structure for `project`
-- ----------------------------
DROP TABLE IF EXISTS `project`;
CREATE TABLE `project` (
  `project_id` varchar(64) NOT NULL,
  `project_name` varchar(64) NOT NULL,
  `customer` varchar(64) DEFAULT NULL,
  `amount` double(8,2) DEFAULT NULL,
  `start_time` datetime DEFAULT NULL,
  `end_time` datetime DEFAULT NULL,
  `state` varchar(16) NOT NULL,
  `delete_state` varchar(16) NOT NULL,
  `create_time` datetime NOT NULL,
  `creator` varchar(64) NOT NULL,
  `modify_time` datetime NOT NULL,
  `modifier` varchar(64) NOT NULL,
  PRIMARY KEY (`project_id`)
) ENGINE=InnoDB DEFAULT CHARSET=utf8;

-- ----------------------------
-- Records of project
-- ----------------------------
INSERT INTO `project` VALUES ('08ffdb8f-cb47-43cc-9839-2ead29440584', '喵喵', '甲方', '58395.00', '2016-09-06 00:00:00', '2016-09-06 00:00:00', 'underway', 'deleted', '2016-09-06 09:38:00', 'sys', '2016-09-12 11:07:08', 'sys');
INSERT INTO `project` VALUES ('106e7b08-a7ea-4a5a-8c5d-1ffa8afa3d95', '法国恢复供货方', '上海师范', '11.00', '2016-10-10 00:00:00', '2016-10-10 00:00:00', 'underway', 'normal', '2016-10-10 14:33:33', 'sys', '2016-10-10 14:33:33', 'sys');
INSERT INTO `project` VALUES ('10a5296b-61e9-4c5b-9508-832267f9cc4f', '北京高招项目b', '甲方', '110110.00', '2015-08-01 00:00:00', '2016-08-29 00:00:00', 'underway', 'normal', '2016-08-29 16:38:15', 'sys', '2016-09-12 11:09:51', 'sys');
INSERT INTO `project` VALUES ('158446e5-337b-454d-a225-4636c2b0f769', '我的测试项目', '甲方', '120120.00', '2016-08-29 00:00:00', '2016-08-31 00:00:00', 'underway', 'deleted', '2016-08-29 11:56:39', 'sys', '2016-09-06 10:03:37', 'sys');
INSERT INTO `project` VALUES ('19b38081-e14d-453e-bdb9-6b04168807c5', '考勤系统', '甲方', '21341.00', '2016-07-05 00:00:00', '2016-08-05 00:00:00', 'underway', 'normal', '2016-08-27 12:01:24', 'sys', '2016-09-05 18:24:14', 'sys');
INSERT INTO `project` VALUES ('20dcd4f8-3a03-4db3-943c-ea7da50cd381', '方式', '甲方', '12.30', '2016-09-02 00:00:00', '2016-09-02 00:00:00', 'underway', 'deleted', '2016-09-02 10:24:17', 'sys', '2016-09-05 18:11:42', 'sys');
INSERT INTO `project` VALUES ('2f5e202c-663f-495c-a2ab-413bc75b1643', '我的测试项目', '甲方', '120120.00', '2016-08-29 00:00:00', '2016-08-30 00:00:00', 'underway', 'deleted', '2016-08-29 11:50:19', 'sys', '2016-08-29 11:50:19', 'sys');
INSERT INTO `project` VALUES ('3ca40c02-3a8e-43d8-9d75-f31db0e2a7f8', 'Coco', '甲方', '234905.00', '2016-09-07 00:00:00', '2016-09-07 00:00:00', 'underway', 'deleted', '2016-09-07 14:39:42', 'sys', '2016-09-07 16:00:17', 'sys');
INSERT INTO `project` VALUES ('3dc84c28-c500-4c98-bd6d-d3d1b2a25be0', '我的测试项目a', '甲方', '120120.00', '2016-08-29 00:00:00', '2016-08-29 00:00:00', 'underway', 'deleted', '2016-08-29 11:52:22', 'sys', '2016-08-29 11:53:04', 'sys');
INSERT INTO `project` VALUES ('3de42cbb-befb-458f-a5ea-5cf2010af5f0', '好医生', '甲方', '353429.00', '2016-09-06 00:00:00', '2016-09-06 00:00:00', 'underway', 'deleted', '2016-09-06 09:37:31', 'sys', '2016-09-19 18:28:37', 'sys');
INSERT INTO `project` VALUES ('3e612780-1812-4cc5-976c-4887d9e153d1', '三十四是是是', '轻轻我去恶趣味', '123.00', '2016-09-05 00:00:00', '2016-09-05 00:00:00', 'underway', 'deleted', '2016-09-05 15:11:03', 'sys', '2016-09-05 15:12:22', 'sys');
INSERT INTO `project` VALUES ('405de422-8bf2-4ed3-94f1-c640de49f30c', '绩效考核系统a', '甲方', '123421.00', '2016-07-05 00:00:00', '2016-08-27 00:00:00', 'underway', 'normal', '2016-08-27 14:33:40', 'sys', '2016-08-28 18:57:12', 'sys');
INSERT INTO `project` VALUES ('41c0bf34-d7a7-4b39-8538-a45d9144187d', 'xx', 'xx', '123.00', '2016-08-27 00:00:00', '2016-08-27 00:00:00', 'underway', 'deleted', '2016-08-27 12:03:26', 'sys', '2016-08-27 12:03:26', 'sys');
INSERT INTO `project` VALUES ('427d1ec9-f09d-412f-a350-3ff86c62c47b', 'G20', '甲方', '468903.00', '2016-09-06 00:00:00', '2016-09-06 00:00:00', 'underway', 'deleted', '2016-09-06 09:52:17', 'sys', '2016-09-08 12:20:52', 'sys');
INSERT INTO `project` VALUES ('4545202a-789f-481a-b283-231288cf78f2', '云集客', '自己人', '88888.00', '2016-09-08 00:00:00', '2016-10-07 00:00:00', 'underway', 'deleted', '2016-09-08 12:21:56', 'sys', '2016-09-09 10:32:14', 'sys');
INSERT INTO `project` VALUES ('4ae33c9c-c4d8-4c7a-b6fc-065528f257c1', 'wodede', 'nide ', '120120.00', '2016-08-29 00:00:00', '2016-08-29 00:00:00', 'underway', 'deleted', '2016-08-29 13:33:23', 'sys', '2016-09-06 09:57:07', 'sys');
INSERT INTO `project` VALUES ('55d6e900-5e1e-45b3-8e91-dd25119bc7fb', '马大姐', '上海', '11332.10', '2016-09-18 00:00:00', '2016-09-18 00:00:00', 'underway', 'deleted', '2016-09-18 11:13:28', 'sys', '2016-09-18 11:23:42', 'sys');
INSERT INTO `project` VALUES ('5bcef3af-6dd1-4918-b43d-5cf61421f79f', 'HeeH', '甲方', '124124.00', '2016-09-06 00:00:00', '2016-09-06 00:00:00', 'underway', 'deleted', '2016-09-06 11:20:46', 'sys', '2016-09-19 18:20:49', 'sys');
INSERT INTO `project` VALUES ('5cf28bfb-42f6-4dd9-a081-8c168771ff62', '考勤管理系统', '英智YZ', '999999.00', '2016-08-25 00:00:00', '2016-08-25 00:00:00', 'underway', 'normal', '2016-08-25 11:57:11', 'sys', '2016-09-05 17:23:06', 'sys');
INSERT INTO `project` VALUES ('637ad07a-da71-45bc-b061-46e17e47d07a', '与儿童与如', '让他也让他', '22.10', '2016-10-10 00:00:00', '2016-10-10 00:00:00', 'underway', 'normal', '2016-10-10 14:33:44', 'sys', '2016-10-26 15:29:41', 'sys');
INSERT INTO `project` VALUES ('6880cf28-85a5-4444-a249-88d136316aff', '北京好教育', '甲方', '101010.00', '2016-08-25 00:00:00', '2016-09-10 00:00:00', 'underway', 'normal', '2016-08-29 17:59:59', 'sys', '2016-09-05 18:44:34', 'sys');
INSERT INTO `project` VALUES ('6a73e5a3-aa84-44b9-8a17-b3f0231c9e80', 'MissRight', '甲方', '356849.00', '2016-09-06 00:00:00', '2016-09-06 00:00:00', 'underway', 'normal', '2016-09-06 09:44:04', 'sys', '2016-09-06 09:44:04', 'sys');
INSERT INTO `project` VALUES ('6af7392e-9951-42e6-8925-19131e33a206', '测试项目', '甲方', '123.00', '2016-08-30 00:00:00', '2016-08-30 00:00:00', 'underway', 'deleted', '2016-08-30 16:35:27', 'sys', '2016-09-06 09:57:27', 'sys');
INSERT INTO `project` VALUES ('6c114f62-e79c-466e-8f8f-cd0d9175327b', '66445', '6456', '50000.00', '2016-09-18 00:00:00', '2016-09-18 00:00:00', 'expired', 'deleted', '2016-09-18 16:10:15', '0cb0e7e8-f156-4fe8-8219-99de55c1e143', '2016-09-19 17:36:46', 'sys');
INSERT INTO `project` VALUES ('7090517e-363c-4811-8211-b612d6da23b3', '客户管理系统', '英智', '120120.00', '2016-08-02 00:00:00', '2016-08-29 00:00:00', 'underway', 'normal', '2016-08-29 16:57:38', 'sys', '2016-09-05 18:43:01', 'sys');
INSERT INTO `project` VALUES ('74ac6bdc-830d-48da-a03c-fa66939d37ba', '生活圈', '甲方', '1334.00', '2016-06-01 00:00:00', '2016-08-31 00:00:00', 'underway', 'normal', '2016-08-27 13:18:40', 'sys', '2016-09-18 16:00:45', 'sys');
INSERT INTO `project` VALUES ('76b8dfe9-02af-4031-94a4-971c0518adf9', '天气通', '甲方', '999.00', '2016-09-12 00:00:00', '2016-09-12 00:00:00', 'underway', 'deleted', '2016-09-12 11:11:04', 'sys', '2016-09-12 15:12:09', 'sys');
INSERT INTO `project` VALUES ('7c8d1858-4518-483f-9710-8dd28ad1c475', 'NAZCA', '甲方', '356083.00', '2016-09-06 00:00:00', '2016-09-06 00:00:00', 'underway', 'normal', '2016-09-06 09:41:24', 'sys', '2016-09-06 09:41:24', 'sys');
INSERT INTO `project` VALUES ('80f760c5-d897-45dd-86d5-ac9f6f84411d', 'vcvb', ' VC', '999999.00', '2016-09-18 00:00:00', '2016-09-18 00:00:00', 'underway', 'normal', '2016-09-18 16:53:52', 'sys', '2016-10-09 16:21:54', 'sys');
INSERT INTO `project` VALUES ('863cf0a3-828d-44f1-b9c5-00b027c2739f', 'rr', 'rr', '999999.00', '2016-09-20 00:00:00', '2016-09-20 00:00:00', 'expired', 'deleted', '2016-09-20 15:32:21', '1567f29b-e44f-4849-864e-c108ece088c6', '2016-09-21 16:31:49', '1567f29b-e44f-4849-864e-c108ece088c6');
INSERT INTO `project` VALUES ('86951a83-9acd-41f2-99ab-2e4e7016ab72', '地利合', '甲方', '235989.00', '2016-09-06 00:00:00', '2016-09-06 00:00:00', 'expired', 'normal', '2016-09-06 09:39:23', 'sys', '2016-09-22 18:55:21', '0cb0e7e8-f156-4fe8-8219-99de55c1e143');
INSERT INTO `project` VALUES ('878c830d-9fce-4746-b6c9-5f089144d0b8', 'MyTest', '甲方', '100000.00', '2016-08-29 00:00:00', '2016-08-31 00:00:00', 'underway', 'normal', '2016-08-29 10:46:35', 'sys', '2016-09-22 18:38:56', 'sys');
INSERT INTO `project` VALUES ('8903275c-1146-4ec3-9e70-e993531a0d30', 'MONSTER', '甲方', '367235.00', '2016-09-06 00:00:00', '2016-09-06 00:00:00', 'expired', 'normal', '2016-09-06 09:45:58', 'sys', '2016-09-23 08:57:35', 'sys');
INSERT INTO `project` VALUES ('893b1073-59bb-405f-b777-93e8d05779a6', '我的测试项目', '甲方', '120120.00', '2016-08-29 00:00:00', '2016-08-30 00:00:00', 'underway', 'deleted', '2016-08-29 11:51:14', 'sys', '2016-08-29 11:51:14', 'sys');
INSERT INTO `project` VALUES ('897da104-db8d-47a2-8b40-6cc539629f67', '我的测试项目', '甲方', '120120.00', '2016-08-29 00:00:00', '2016-08-03 00:00:00', 'underway', 'deleted', '2016-08-29 12:11:33', 'sys', '2016-08-29 12:13:26', 'sys');
INSERT INTO `project` VALUES ('9098d78f-6519-4915-89c7-a24881304c8a', 'asd', 'asd', '123.00', '2016-09-01 00:00:00', '2016-09-01 00:00:00', 'underway', 'deleted', '2016-09-01 14:16:12', 'sys', '2016-09-06 09:56:56', 'sys');
INSERT INTO `project` VALUES ('94d81e33-16f1-4a43-bfd7-29c6300632da', '滴滴', '甲方', '1230.00', '2016-09-06 00:00:00', '2017-09-06 00:00:00', 'underway', 'deleted', '2016-09-06 09:35:41', 'sys', '2016-09-19 18:18:54', 'sys');
INSERT INTO `project` VALUES ('96849ef9-3a0e-4757-9e47-d601fef0001b', '我的测试项目2', '甲方', '120.00', '2016-08-29 00:00:00', '2016-09-09 00:00:00', 'underway', 'deleted', '2016-08-29 12:19:01', 'sys', '2016-09-06 09:55:39', 'sys');
INSERT INTO `project` VALUES ('9789bc82-9876-4207-9b39-83141fb3c713', '惠利通', '甲方', '358235.00', '2016-09-06 00:00:00', '2016-09-06 00:00:00', 'underway', 'deleted', '2016-09-06 09:44:53', 'sys', '2016-09-19 17:40:46', 'sys');
INSERT INTO `project` VALUES ('98115333-4d40-4990-95c9-660c0fb1b20f', '我的测试项目', '甲方', '120120.00', '2016-08-29 00:00:00', '2016-09-01 00:00:00', 'underway', 'deleted', '2016-08-29 12:07:35', 'sys', '2016-08-29 12:07:35', 'sys');
INSERT INTO `project` VALUES ('9a8c8890-9e6a-41cd-8b94-9b6081556499', 'JAVASTR', '甲方', '357235.00', '2016-09-06 00:00:00', '2016-09-06 00:00:00', 'expired', 'normal', '2016-09-06 09:45:40', 'sys', '2016-09-21 12:07:32', '0cb0e7e8-f156-4fe8-8219-99de55c1e143');
INSERT INTO `project` VALUES ('9aba32e6-e597-4e12-b749-14274bc201e2', '云集客', '甲方', '200000.00', '2016-03-01 00:00:00', '2017-08-01 00:00:00', 'underway', 'normal', '2016-08-24 20:44:18', 'sys', '2016-09-18 16:02:04', 'sys');
INSERT INTO `project` VALUES ('9af70896-04c7-4811-a9e9-808e1202c19e', 'qwe1', 'qwe', '249.90', '2016-09-01 00:00:00', '2016-09-01 00:00:00', 'underway', 'deleted', '2016-09-01 12:23:58', 'sys', '2016-09-06 09:15:50', 'sys');
INSERT INTO `project` VALUES ('9b576e49-527e-414e-be2c-5cad85c0e642', '时政通', '甲方', '35353.00', '2016-09-06 00:00:00', '2016-09-06 00:00:00', 'underway', 'normal', '2016-09-06 09:41:01', 'sys', '2016-09-08 13:45:47', 'sys');
INSERT INTO `project` VALUES ('9d8508d7-2495-4fcd-a568-e358ed20cb7e', '测试项目', '甲方', '10000.00', '2016-08-01 00:00:00', '2016-08-31 00:00:00', 'underway', 'deleted', '2016-08-28 13:17:43', 'sys', '2016-09-05 17:42:31', 'sys');
INSERT INTO `project` VALUES ('a574e8c9-d188-4106-b333-57f1b838bc8f', 'zhktest', 'zhk', '1.00', '2016-09-09 00:00:00', '2016-09-09 00:00:00', 'underway', 'deleted', '2016-09-09 15:40:50', '人事行政', '2016-09-12 15:12:15', 'sys');
INSERT INTO `project` VALUES ('a5dbdbf4-eb61-4af8-ba71-dc029e3448ef', 'RIVEN', '甲方', '235895.00', '2016-09-06 00:00:00', '2016-09-06 00:00:00', 'underway', 'deleted', '2016-09-06 09:40:07', 'sys', '2016-09-13 17:31:53', '0cb0e7e8-f156-4fe8-8219-99de55c1e143');
INSERT INTO `project` VALUES ('a7362a81-a62c-4360-b2f9-a7b542d0a487', 'qwe', 'qwe', '123.00', '2016-09-01 00:00:00', '2016-09-01 00:00:00', 'underway', 'deleted', '2016-09-01 14:24:53', 'sys', '2016-09-06 09:56:52', 'sys');
INSERT INTO `project` VALUES ('a8928672-452f-4271-8597-3e9d96db00d2', '我的测试项目', '甲方', '120120.00', '2016-08-29 00:00:00', '2016-09-01 00:00:00', 'underway', 'deleted', '2016-08-29 12:18:26', 'sys', '2016-09-06 09:57:35', 'sys');
INSERT INTO `project` VALUES ('aa9ab3f6-a194-418c-ae29-783861600414', '财会通', '甲方', '123413.00', '2016-09-06 00:00:00', '2016-09-06 00:00:00', 'expired', 'normal', '2016-09-06 10:32:27', 'sys', '2016-09-23 08:54:47', 'sys');
INSERT INTO `project` VALUES ('b527a6d9-952f-4f83-b6e1-c5a8de5c15b6', 'aaa', 'bbb', '100.00', '2016-08-24 00:00:00', '2016-08-24 00:00:00', 'underway', 'deleted', '2016-08-24 20:15:14', 'sys', '2016-09-06 09:57:12', 'sys');
INSERT INTO `project` VALUES ('bb3f2912-2e39-4759-af4b-bc5eafd07dc3', '我的测试项目', '甲方', '120120.00', '2016-08-29 00:00:00', '2016-08-31 00:00:00', 'underway', 'deleted', '2016-08-29 11:56:43', 'sys', '2016-09-06 09:57:44', 'sys');
INSERT INTO `project` VALUES ('bc61b237-fff4-43d8-a849-977992f35e86', '我的测试项目2', '甲方', '210210.00', '2016-08-29 00:00:00', '2016-08-31 00:00:00', 'underway', 'deleted', '2016-08-29 12:15:08', 'sys', '2016-09-06 09:57:32', 'sys');
INSERT INTO `project` VALUES ('bd549855-dd37-424f-95f7-91c95ed7a62e', '机场管理', '甲方', '123456.00', '2016-09-06 00:00:00', '2016-09-06 00:00:00', 'underway', 'normal', '2016-09-06 10:24:37', 'sys', '2016-09-06 10:33:19', 'sys');
INSERT INTO `project` VALUES ('c10d6b30-287a-4718-9635-e8d65a0da9a6', 'wode', 'nide ', '120120.00', '2016-08-29 00:00:00', '2016-09-01 00:00:00', 'underway', 'deleted', '2016-08-29 12:20:43', 'sys', '2016-09-06 09:57:04', 'sys');
INSERT INTO `project` VALUES ('c49305df-d2a5-445d-b574-c9fd887563be', '北京高招测试项目', '甲方', '120120.00', '2016-08-02 00:00:00', '2016-08-29 00:00:00', 'underway', 'normal', '2016-08-29 16:53:00', 'sys', '2016-08-29 16:53:00', 'sys');
INSERT INTO `project` VALUES ('c4993a1c-5f60-43cb-818d-825ef6c4371f', '规范', '奋斗到底多高', '111.00', '2016-09-18 00:00:00', '2016-09-18 00:00:00', 'underway', 'deleted', '2016-09-18 11:24:07', 'sys', '2016-09-18 11:24:17', 'sys');
INSERT INTO `project` VALUES ('c79d2129-e011-456e-85d5-0fdcabda1c1a', 'qwer', '甲方', '124.00', '2016-09-05 00:00:00', '2016-09-05 00:00:00', 'underway', 'deleted', '2016-09-05 18:23:59', 'sys', '2016-09-06 09:56:48', 'sys');
INSERT INTO `project` VALUES ('ced04ece-8b89-4c9d-a76e-6d22df2793c8', '我的测试项目', '甲方', '120120.00', '2016-08-29 00:00:00', '2016-08-31 00:00:00', 'underway', 'deleted', '2016-08-29 11:59:07', 'sys', '2016-09-06 09:57:39', 'sys');
INSERT INTO `project` VALUES ('cf81d3df-c577-4352-a688-08df98b54c1a', '去去去', '甲方', '579340.00', '2016-09-06 00:00:00', '2016-09-06 00:00:00', 'underway', 'deleted', '2016-09-06 09:38:46', 'sys', '2016-09-06 09:57:21', 'sys');
INSERT INTO `project` VALUES ('d9f3954c-01b0-468e-990e-88676d4c5ac8', '女出纳', '1文革', '222.00', '2016-10-10 00:00:00', '2016-10-10 00:00:00', 'underway', 'normal', '2016-10-10 09:53:14', 'sys', '2016-10-10 09:53:14', 'sys');
INSERT INTO `project` VALUES ('da67f6e2-0bff-40cd-9c69-69a1c2931251', '我爱萝', '甲方', '1230.00', '2016-09-06 00:00:00', '2016-09-06 00:00:00', 'underway', 'deleted', '2016-09-06 09:37:05', 'sys', '2016-09-19 18:13:51', 'sys');
INSERT INTO `project` VALUES ('debf9547-b662-4b96-89ba-141b9004a304', '实名智', '甲方', '352046.00', '2016-09-06 00:00:00', '2016-09-06 00:00:00', 'underway', 'normal', '2016-09-06 09:36:38', 'sys', '2016-09-08 13:45:55', 'sys');
INSERT INTO `project` VALUES ('e05f3b02-b58a-4410-91ff-8599a17fdc1d', 'MoNeCa', '甲方', '59468.00', '2016-09-06 00:00:00', '2016-09-06 00:00:00', 'underway', 'deleted', '2016-09-06 09:42:31', 'sys', '2016-09-19 18:21:50', 'sys');
INSERT INTO `project` VALUES ('e2f208ea-ceeb-4959-b2d6-f4378f07b09a', 'BookManger', '甲方', '1222.00', '2016-09-06 00:00:00', '2016-09-06 00:00:00', 'underway', 'normal', '2016-09-06 10:42:43', 'sys', '2016-09-22 18:39:53', 'sys');
INSERT INTO `project` VALUES ('e9b867bf-8744-4303-bae8-ea3c7a0dc47a', 'VSDffff', '上海', '999999.00', '2016-09-10 00:00:00', '2016-09-28 00:00:00', 'underway', 'deleted', '2016-09-08 12:18:52', 'sys', '2016-09-18 11:23:51', 'sys');
INSERT INTO `project` VALUES ('eb38971f-53ea-421e-8f4b-2f431412f588', 'GOOGLER', '甲方', '45672.00', '2016-09-06 00:00:00', '2016-09-06 00:00:00', 'underway', 'deleted', '2016-09-06 09:47:08', 'sys', '2016-10-17 16:08:47', 'sys');
INSERT INTO `project` VALUES ('ef9728e9-10bf-433e-a46e-51bdae8ee121', 'qwewq123', 'qwewqewe12321', '123.00', '2016-08-31 00:00:00', '2016-08-31 00:00:00', 'underway', 'deleted', '2016-08-31 16:12:17', 'sys', '2016-09-06 09:56:59', 'sys');
INSERT INTO `project` VALUES ('f5bc4cdb-baba-4dd5-87e1-27de9047300e', '天天', '甲方', '2141.00', '2016-09-05 00:00:00', '2016-09-06 00:00:00', 'underway', 'normal', '2016-09-06 09:33:18', 'sys', '2016-09-06 09:33:58', 'sys');
INSERT INTO `project` VALUES ('fe1cd201-5638-4531-9e3f-d944a977fd80', 'EMS-ER', '甲方', '1.00', '2016-09-06 00:00:00', '2016-09-06 00:00:00', 'expired', 'normal', '2016-09-06 11:39:42', 'sys', '2016-09-22 18:54:48', '0cb0e7e8-f156-4fe8-8219-99de55c1e143');

-- ----------------------------
-- Table structure for `system_config`
-- ----------------------------
DROP TABLE IF EXISTS `system_config`;
CREATE TABLE `system_config` (
  `config_id` varchar(64) NOT NULL,
  `config_value` double(8,2) DEFAULT NULL,
  PRIMARY KEY (`config_id`)
) ENGINE=InnoDB DEFAULT CHARSET=utf8;

-- ----------------------------
-- Records of system_config
-- ----------------------------

-- ----------------------------
-- Table structure for `team`
-- ----------------------------
DROP TABLE IF EXISTS `team`;
CREATE TABLE `team` (
  `team_id` varchar(64) NOT NULL,
  `team_name` varchar(64) NOT NULL,
  `delete_state` varchar(16) NOT NULL DEFAULT 'normal',
  `create_time` datetime NOT NULL,
  `creator` varchar(64) NOT NULL,
  `modify_time` datetime NOT NULL,
  `modifier` varchar(64) NOT NULL,
  PRIMARY KEY (`team_id`)
) ENGINE=InnoDB DEFAULT CHARSET=utf8;

-- ----------------------------
-- Records of team
-- ----------------------------
INSERT INTO `team` VALUES ('0b31c9d8-68f9-4cfb-bbc5-e3a2858e8caa', '东岳团队', 'normal', '2016-09-12 12:45:28', '人事行政主管', '2016-09-12 12:45:28', '人事行政主管');
INSERT INTO `team` VALUES ('0e12192e-5966-4bd3-adce-8fa62a3c3083', '你爸爸vbbbbbbbbbbbbbbbbbbbbbbbbbbbbbbbbbbb', 'deleted', '2016-10-21 14:36:55', '管理员', '2016-10-21 14:36:55', '管理员');
INSERT INTO `team` VALUES ('0fa39b5b-841c-4b8a-93c5-4e67764bce0f', '12', 'deleted', '2016-09-09 16:15:52', '人事行政', '2016-09-09 16:15:52', '人事行政');
INSERT INTO `team` VALUES ('1234d9c5-e9ff-47b5-9e6f-3b5a53595eee', '春男团队', 'deleted', '2016-09-08 16:40:19', '管理员', '2016-09-09 16:46:46', '管理员');
INSERT INTO `team` VALUES ('12d07c4b-b317-47df-bee9-cac16b224ff1', '12', 'deleted', '2016-09-09 16:25:04', '人事行政', '2016-09-09 16:25:04', '人事行政');
INSERT INTO `team` VALUES ('1a4adeae-1c72-4609-bec0-e4ce790f03ed', 'UI团队', 'deleted', '2016-09-09 16:48:25', '管理员', '2016-09-09 16:48:25', '管理员');
INSERT INTO `team` VALUES ('1b46d4a5-3d4a-4e3d-a2c5-c9cdbb0ee83a', '12', 'deleted', '2016-09-09 16:19:15', '人事行政', '2016-09-09 16:19:15', '人事行政');
INSERT INTO `team` VALUES ('1bdeb478-59a9-401f-a3fb-5a7621efec1c', '12', 'deleted', '2016-09-09 16:47:56', '人事行政', '2016-09-09 16:47:56', '人事行政');
INSERT INTO `team` VALUES ('1e64ccd9-a40c-4f2b-aabd-fb4b74454804', '123', 'deleted', '2016-09-14 10:01:34', '人事行政', '2016-09-14 10:01:34', '人事行政');
INSERT INTO `team` VALUES ('24cc059b-1380-4e0e-8a70-c6bc94ed793a', '12', 'deleted', '2016-09-09 15:14:39', '人事行政', '2016-09-09 15:14:39', '人事行政');
INSERT INTO `team` VALUES ('2a44ff61-e03e-4025-b9c0-b71de4d1c660', '12', 'deleted', '2016-09-08 16:00:17', '管理员', '2016-09-08 16:00:17', '管理员');
INSERT INTO `team` VALUES ('2d69556b-394b-4661-8dd9-2145c8c9e69f', '78', 'deleted', '2016-09-12 09:16:48', '人事行政', '2016-09-12 09:16:48', '人事行政');
INSERT INTO `team` VALUES ('3070ded1-0b01-46e8-b54d-24f02c22a4f2', '12', 'deleted', '2016-09-08 15:56:21', '管理员', '2016-09-08 15:56:21', '管理员');
INSERT INTO `team` VALUES ('313aff4e-0b5d-44e1-a6bb-5a01739c5335', '12', 'deleted', '2016-09-09 15:52:30', '人事行政', '2016-09-09 15:52:30', '人事行政');
INSERT INTO `team` VALUES ('34ce6d0a-1edf-4712-83d3-bb08b16f9046', '12', 'deleted', '2016-09-08 15:38:13', '管理员', '2016-09-08 15:38:13', '管理员');
INSERT INTO `team` VALUES ('38efb3ca-d202-41aa-b9ae-37473ae41dc4', '890', 'deleted', '2016-09-14 11:04:14', '人事行政', '2016-09-14 11:04:14', '人事行政');
INSERT INTO `team` VALUES ('3af797b3-a9d0-4847-9ad3-ca9e88ebfd48', '12', 'deleted', '2016-09-09 15:38:22', '人事行政', '2016-09-09 15:38:22', '人事行政');
INSERT INTO `team` VALUES ('3c518392-0a1c-4c85-8fc0-947de1930184', '12', 'deleted', '2016-09-09 16:04:50', '人事行政', '2016-09-09 16:04:50', '人事行政');
INSERT INTO `team` VALUES ('3d596705-47c4-44d9-8d86-2ce72ff1a75c', '123', 'deleted', '2016-09-14 09:28:44', '人事行政', '2016-09-14 09:28:44', '人事行政');
INSERT INTO `team` VALUES ('412ecd3a-419e-4b47-8663-02903077b1d5', '还不来加快', 'deleted', '2016-09-18 12:36:29', '管理员', '2016-09-18 12:36:29', '管理员');
INSERT INTO `team` VALUES ('4d216635-1c55-42ab-a70f-df4d9ec5ddc6', '12', 'deleted', '2016-09-09 16:50:15', '人事行政', '2016-09-09 16:50:15', '人事行政');
INSERT INTO `team` VALUES ('4ee18575-0153-4aeb-aa8c-0edc430ddadd', '12', 'deleted', '2016-09-12 15:27:40', '人事行政', '2016-09-12 15:27:40', '人事行政');
INSERT INTO `team` VALUES ('4f1bb543-ab99-4ec2-a93f-a99962c23b4a', '佳楠团队', 'deleted', '2016-09-09 10:10:20', '管理员', '2016-09-09 16:47:06', '管理员');
INSERT INTO `team` VALUES ('5b2dcfd6-d949-4245-ab35-3b06651bd128', '市场团队', 'normal', '2016-09-21 12:36:17', '人事行政', '2016-09-21 12:36:17', '人事行政');
INSERT INTO `team` VALUES ('62e01cfe-e4cb-4b6f-b36c-a8aaf8a60b7b', 'vsd', 'deleted', '2016-09-09 14:55:12', '人事行政', '2016-09-09 14:55:12', '人事行政');
INSERT INTO `team` VALUES ('633feef4-558a-4ba2-8494-34f602d1c7b5', '东岳团队', 'deleted', '2016-09-09 10:14:57', '管理员', '2016-09-09 16:47:21', '管理员');
INSERT INTO `team` VALUES ('639d0958-8bbc-4c18-86b0-114fd2a118ec', '12', 'deleted', '2016-09-08 16:05:48', '管理员', '2016-09-08 16:05:48', '管理员');
INSERT INTO `team` VALUES ('6b212ac9-ce81-44f0-b696-6a4b1bce2607', '云集客团队', 'deleted', '2016-09-09 14:52:39', '人事行政', '2016-09-09 14:52:39', '人事行政');
INSERT INTO `team` VALUES ('70feb6b2-2ce1-4873-a469-03b6db9ca6fa', '12', 'deleted', '2016-09-09 15:33:39', '人事行政', '2016-09-09 15:33:39', '人事行政');
INSERT INTO `team` VALUES ('778a1a63-a967-488c-ad7c-9180b36e9bcd', '人事团队', 'normal', '2016-09-09 14:58:00', '管理员', '2016-09-21 12:35:39', '人事行政');
INSERT INTO `team` VALUES ('79eb7d95-f43e-4fae-9e59-d75c52d6a7bd', '运维团队', 'normal', '2016-09-21 12:39:47', '人事行政', '2016-09-21 12:39:47', '人事行政');
INSERT INTO `team` VALUES ('7a0f01a2-bb0c-4b1c-b7c9-92c68bb13cfb', '4656', 'deleted', '2016-09-12 09:46:12', '人事行政', '2016-09-12 09:46:12', '人事行政');
INSERT INTO `team` VALUES ('7a420f20-3fba-4059-91ee-cc7b9f08236b', '12', 'deleted', '2016-09-09 09:46:28', '管理员', '2016-09-09 09:46:28', '管理员');
INSERT INTO `team` VALUES ('7c0d85b4-2404-4830-a69b-1cafcc3a8654', '21', 'deleted', '2016-09-09 18:07:17', '人事行政', '2016-09-09 18:07:17', '人事行政');
INSERT INTO `team` VALUES ('7c1f7ed6-86bb-4da7-bd6f-69bf705ddfc3', '3454', 'deleted', '2016-09-12 16:22:34', '人事行政', '2016-09-12 16:22:34', '人事行政');
INSERT INTO `team` VALUES ('7c4b6127-1209-4c6f-a3fa-436fa3db2587', '12', 'deleted', '2016-09-08 15:41:57', '管理员', '2016-09-08 15:41:57', '管理员');
INSERT INTO `team` VALUES ('7ebf3186-b0ed-4f1a-a4d0-b171c29cbe11', '89', 'deleted', '2016-09-12 09:48:03', '人事行政', '2016-09-12 09:48:03', '人事行政');
INSERT INTO `team` VALUES ('7fe4109f-8209-449c-b7e0-54b8de3ba438', '12', 'deleted', '2016-09-09 16:17:05', '人事行政', '2016-09-09 16:17:05', '人事行政');
INSERT INTO `team` VALUES ('8304e216-5a1f-4050-9de1-cb0891acda69', '123', 'deleted', '2016-09-09 14:57:55', '人事行政', '2016-09-09 14:57:55', '人事行政');
INSERT INTO `team` VALUES ('85730f35-bce1-468d-a895-90763ee2f7c6', 'csdsafsf', 'deleted', '2016-09-09 13:39:39', '管理员', '2016-09-09 13:39:39', '管理员');
INSERT INTO `team` VALUES ('866f078a-8d03-4f04-9221-f5bfb9fac9fd', '运维团队', 'deleted', '2016-09-09 16:48:33', '管理员', '2016-09-09 16:48:33', '管理员');
INSERT INTO `team` VALUES ('8e81cbe5-f920-4a8b-97f7-05c8e5eb8f73', '12', 'deleted', '2016-09-09 16:02:03', '人事行政', '2016-09-09 16:02:03', '人事行政');
INSERT INTO `team` VALUES ('949e3cfe-4726-4cba-9a2e-8e9ce7f5e838', '12', 'deleted', '2016-09-09 16:03:46', '人事行政', '2016-09-09 16:03:46', '人事行政');
INSERT INTO `team` VALUES ('99b5b696-3be8-4dbd-b207-b65de0753085', '12', 'deleted', '2016-09-09 16:49:01', '人事行政', '2016-09-09 16:49:01', '人事行政');
INSERT INTO `team` VALUES ('9ab246d2-ccfd-4d25-9835-449503a6ecab', '8989', 'deleted', '2016-09-12 17:21:36', '人事行政', '2016-09-12 17:21:36', '人事行政');
INSERT INTO `team` VALUES ('a617862c-6d6d-40f8-a9d9-ade8f41acc2f', '12', 'deleted', '2016-09-08 15:49:16', '管理员', '2016-09-08 15:49:16', '管理员');
INSERT INTO `team` VALUES ('ab792a87-d251-48e7-8d35-91acbee8189c', '56', 'deleted', '2016-09-09 15:43:30', '人事行政', '2016-09-09 15:43:30', '人事行政');
INSERT INTO `team` VALUES ('ad7400e5-9819-4500-a066-4b2af847b568', '12', 'deleted', '2016-09-08 15:36:53', '管理员', '2016-09-08 15:36:53', '管理员');
INSERT INTO `team` VALUES ('b0b2df67-ed4b-49eb-b66e-da251fe5f55a', '00000', 'deleted', '2016-09-12 17:46:22', '人事行政', '2016-09-12 17:46:22', '人事行政');
INSERT INTO `team` VALUES ('b35046cc-d5b0-4369-bf1c-4c6857dd7549', '2222', 'deleted', '2016-09-13 09:46:51', '人事行政', '2016-09-13 09:46:51', '人事行政');
INSERT INTO `team` VALUES ('b504b767-de84-4ec9-b4f0-6a55b7119df0', '34', 'deleted', '2016-09-09 15:39:50', '人事行政', '2016-09-09 15:39:50', '人事行政');
INSERT INTO `team` VALUES ('b63170d6-7a17-4331-8887-9653c1a5213b', '12', 'deleted', '2016-09-09 15:11:24', '人事行政', '2016-09-09 15:11:24', '人事行政');
INSERT INTO `team` VALUES ('b6c5b0cb-dade-4352-b53c-ecd37ad205b4', '346', 'deleted', '2016-09-13 15:17:26', '管理员', '2016-09-13 15:17:26', '管理员');
INSERT INTO `team` VALUES ('b8c7ebd9-321d-425a-93c4-788ce24f5ad8', '12', 'deleted', '2016-09-09 15:47:53', '人事行政', '2016-09-09 15:47:53', '人事行政');
INSERT INTO `team` VALUES ('bbd7eab3-86d0-4423-9925-28ccc385517d', '12', 'deleted', '2016-09-08 16:03:52', '管理员', '2016-09-08 16:03:52', '管理员');
INSERT INTO `team` VALUES ('be6355fe-eeaf-4abb-af62-a424f0d362ad', '12', 'deleted', '2016-09-08 15:41:35', '管理员', '2016-09-08 15:41:35', '管理员');
INSERT INTO `team` VALUES ('bebb7e77-87ed-4ce2-93d6-f1eb9d07b76f', '123', 'deleted', '2016-09-09 14:04:13', '人事行政', '2016-09-09 14:04:13', '人事行政');
INSERT INTO `team` VALUES ('c50dd58d-12e2-4566-a6a1-45825200a34e', '12', 'deleted', '2016-09-09 15:56:48', '人事行政', '2016-09-09 15:56:48', '人事行政');
INSERT INTO `team` VALUES ('c86d90b4-0fc4-4afa-bfdf-6b268c7a7456', '12', 'deleted', '2016-09-08 15:36:10', '管理员', '2016-09-08 15:36:10', '管理员');
INSERT INTO `team` VALUES ('ce4fc3b8-b5ba-4d8a-b61a-e1dac9473102', '21', 'deleted', '2016-09-09 15:45:18', '人事行政', '2016-09-09 15:45:18', '人事行政');
INSERT INTO `team` VALUES ('cef0d423-7180-46de-9d5d-977ddec87344', '行政团队', 'deleted', '2016-09-09 12:04:47', '管理员', '2016-09-09 12:04:47', '管理员');
INSERT INTO `team` VALUES ('d47bb2ec-09a3-4583-a50d-a19f21c4c9b1', '12', 'deleted', '2016-09-09 18:08:25', '人事行政', '2016-09-09 18:08:25', '人事行政');
INSERT INTO `team` VALUES ('d533e806-c16a-41e6-82d3-a32ba4c0cf99', '123', 'deleted', '2016-09-13 18:15:54', '人事行政', '2016-09-14 09:30:03', '人事行政');
INSERT INTO `team` VALUES ('d81f1b3e-38ce-4637-8952-3411df3770ce', '12', 'deleted', '2016-09-12 15:26:46', '人事行政', '2016-09-12 15:26:46', '人事行政');
INSERT INTO `team` VALUES ('d8a3457c-2522-4342-9c68-d458abcc90e6', '运营团队', 'normal', '2016-09-21 12:37:55', '人事行政', '2016-09-21 12:37:55', '人事行政');
INSERT INTO `team` VALUES ('df8c75be-3046-447d-9d0e-e48f5db4e72c', '12', 'deleted', '2016-09-08 15:40:22', '管理员', '2016-09-08 15:40:22', '管理员');
INSERT INTO `team` VALUES ('e0cb603a-96f2-4a38-b0ca-2c99d2d2bfad', '佳楠团队', 'normal', '2016-09-19 17:33:26', '管理员', '2016-09-19 17:33:26', '管理员');
INSERT INTO `team` VALUES ('e1e240f0-2f87-4329-a955-6c2cebb69b42', '123455', 'deleted', '2016-09-08 16:04:12', '管理员', '2016-09-08 16:04:12', '管理员');
INSERT INTO `team` VALUES ('e2be1860-517c-4362-8162-8dee45976946', 'UI团队', 'normal', '2016-09-19 17:33:46', '管理员', '2016-09-19 17:33:46', '管理员');
INSERT INTO `team` VALUES ('e4707cfb-195d-4932-9253-1b23725b0c33', '12', 'deleted', '2016-09-09 15:44:49', '人事行政', '2016-09-09 15:44:49', '人事行政');
INSERT INTO `team` VALUES ('e53332e9-c0ae-4f09-a854-5cad128b4507', '123', 'deleted', '2016-09-09 14:27:06', '人事行政', '2016-09-09 14:27:06', '人事行政');
INSERT INTO `team` VALUES ('ed087cc6-bb1f-40d2-bac6-37de1cc3ca14', '23', 'deleted', '2016-09-09 16:10:14', '人事行政', '2016-09-09 16:10:14', '人事行政');
INSERT INTO `team` VALUES ('effe2f7a-b64e-47f5-8738-2c307536bc63', '12', 'deleted', '2016-09-09 15:49:08', '人事行政', '2016-09-09 15:49:08', '人事行政');
INSERT INTO `team` VALUES ('f1dfc410-3e6f-4d37-a907-71f239d83ced', '2344', 'deleted', '2016-09-09 14:04:38', '人事行政', '2016-09-09 14:04:38', '人事行政');
INSERT INTO `team` VALUES ('f886c4ae-0bc9-4909-9ef2-60fde5565dba', '春男团队', 'normal', '2016-09-19 17:33:38', '管理员', '2016-09-19 17:33:38', '管理员');
INSERT INTO `team` VALUES ('fe9d6bb2-a08f-4ccc-937f-682592a245b3', '12', 'deleted', '2016-09-09 15:51:56', '人事行政', '2016-09-09 15:51:56', '人事行政');
INSERT INTO `team` VALUES ('feb4acd0-14fa-43e2-afcd-b6d6d611d0af', '12', 'deleted', '2016-09-09 16:29:33', '人事行政', '2016-09-09 16:29:33', '人事行政');
